"Buurten";"Mannen|2014";"Mannen|2015";"Mannen|2016";"Mannen|2017";"Mannen|2018";"Mannen|2019";"Mannen|2020";"Mannen|2021";"Vrouwen|2014";"Vrouwen|2015";"Vrouwen|2016";"Vrouwen|2017";"Vrouwen|2018";"Vrouwen|2019";"Vrouwen|2020";"Vrouwen|2021";"Totaal 0-9 jaar|2014";"Totaal 0-9 jaar|2015";"Totaal 0-9 jaar|2016";"Totaal 0-9 jaar|2017";"Totaal 0-9 jaar|2018";"Totaal 0-9 jaar|2019";"Totaal 0-9 jaar|2020";"Totaal 0-9 jaar|2021";"Totaal 10-19 jaar|2014";"Totaal 10-19 jaar|2015";"Totaal 10-19 jaar|2016";"Totaal 10-19 jaar|2017";"Totaal 10-19 jaar|2018";"Totaal 10-19 jaar|2019";"Totaal 10-19 jaar|2020";"Totaal 10-19 jaar|2021";"Totaal 20-29 jaar|2014";"Totaal 20-29 jaar|2015";"Totaal 20-29 jaar|2016";"Totaal 20-29 jaar|2017";"Totaal 20-29 jaar|2018";"Totaal 20-29 jaar|2019";"Totaal 20-29 jaar|2020";"Totaal 20-29 jaar|2021";"Totaal 30-39 jaar|2014";"Totaal 30-39 jaar|2015";"Totaal 30-39 jaar|2016";"Totaal 30-39 jaar|2017";"Totaal 30-39 jaar|2018";"Totaal 30-39 jaar|2019";"Totaal 30-39 jaar|2020";"Totaal 30-39 jaar|2021";"Totaal 40-49 jaar|2014";"Totaal 40-49 jaar|2015";"Totaal 40-49 jaar|2016";"Totaal 40-49 jaar|2017";"Totaal 40-49 jaar|2018";"Totaal 40-49 jaar|2019";"Totaal 40-49 jaar|2020";"Totaal 40-49 jaar|2021";"Totaal 50-59 jaar|2014";"Totaal 50-59 jaar|2015";"Totaal 50-59 jaar|2016";"Totaal 50-59 jaar|2017";"Totaal 50-59 jaar|2018";"Totaal 50-59 jaar|2019";"Totaal 50-59 jaar|2020";"Totaal 50-59 jaar|2021";"Totaal 60-69 jaar|2014";"Totaal 60-69 jaar|2015";"Totaal 60-69 jaar|2016";"Totaal 60-69 jaar|2017";"Totaal 60-69 jaar|2018";"Totaal 60-69 jaar|2019";"Totaal 60-69 jaar|2020";"Totaal 60-69 jaar|2021";"Totaal 70-79 jaar|2014";"Totaal 70-79 jaar|2015";"Totaal 70-79 jaar|2016";"Totaal 70-79 jaar|2017";"Totaal 70-79 jaar|2018";"Totaal 70-79 jaar|2019";"Totaal 70-79 jaar|2020";"Totaal 70-79 jaar|2021";"Totaal 80-89 jaar|2014";"Totaal 80-89 jaar|2015";"Totaal 80-89 jaar|2016";"Totaal 80-89 jaar|2017";"Totaal 80-89 jaar|2018";"Totaal 80-89 jaar|2019";"Totaal 80-89 jaar|2020";"Totaal 80-89 jaar|2021";"Totaal 90 jaar en ouder|2014";"Totaal 90 jaar en ouder|2015";"Totaal 90 jaar en ouder|2016";"Totaal 90 jaar en ouder|2017";"Totaal 90 jaar en ouder|2018";"Totaal 90 jaar en ouder|2019";"Totaal 90 jaar en ouder|2020";"Totaal 90 jaar en ouder|2021";"Nederland|2014";"Nederland|2015";"Nederland|2016";"Nederland|2017";"Nederland|2018";"Nederland|2019";"Nederland|2020";"Nederland|2021";"Westerse migratieherkomst|2014";"Westerse migratieherkomst|2015";"Westerse migratieherkomst|2016";"Westerse migratieherkomst|2017";"Westerse migratieherkomst|2018";"Westerse migratieherkomst|2019";"Westerse migratieherkomst|2020";"Westerse migratieherkomst|2021";"Niet westerse migratieherkomst|2014";"Niet westerse migratieherkomst|2015";"Niet westerse migratieherkomst|2016";"Niet westerse migratieherkomst|2017";"Niet westerse migratieherkomst|2018";"Niet westerse migratieherkomst|2019";"Niet westerse migratieherkomst|2020";"Niet westerse migratieherkomst|2021";"levendgeborenen|2014";"levendgeborenen|2015";"levendgeborenen|2016";"levendgeborenen|2017";"levendgeborenen|2018";"levendgeborenen|2019";"levendgeborenen|2020";"levendgeborenen|2021";"overledenen|2014";"overledenen|2015";"overledenen|2016";"overledenen|2017";"overledenen|2018";"overledenen|2019";"overledenen|2020";"overledenen|2021";"Totaal aantal huishoudens|2014";"Totaal aantal huishoudens|2015";"Totaal aantal huishoudens|2016";"Totaal aantal huishoudens|2017";"Totaal aantal huishoudens|2018";"Totaal aantal huishoudens|2019";"Totaal aantal huishoudens|2020";"Totaal aantal huishoudens|2021";"Eenpersoonshuishoudens|2014";"Eenpersoonshuishoudens|2015";"Eenpersoonshuishoudens|2016";"Eenpersoonshuishoudens|2017";"Eenpersoonshuishoudens|2018";"Eenpersoonshuishoudens|2019";"Eenpersoonshuishoudens|2020";"Eenpersoonshuishoudens|2021";"Huishoudens zonder kinderen|2014";"Huishoudens zonder kinderen|2015";"Huishoudens zonder kinderen|2016";"Huishoudens zonder kinderen|2017";"Huishoudens zonder kinderen|2018";"Huishoudens zonder kinderen|2019";"Huishoudens zonder kinderen|2020";"Huishoudens zonder kinderen|2021";"Huishoudens met kinderen|2014";"Huishoudens met kinderen|2015";"Huishoudens met kinderen|2016";"Huishoudens met kinderen|2017";"Huishoudens met kinderen|2018";"Huishoudens met kinderen|2019";"Huishoudens met kinderen|2020";"Huishoudens met kinderen|2021";"Gemiddelde huishoudensgrootte|2014";"Gemiddelde huishoudensgrootte|2015";"Gemiddelde huishoudensgrootte|2016";"Gemiddelde huishoudensgrootte|2017";"Gemiddelde huishoudensgrootte|2018";"Gemiddelde huishoudensgrootte|2019";"Gemiddelde huishoudensgrootte|2020";"Gemiddelde huishoudensgrootte|2021";"sport wekelijks (18-84 jaar)|2014";"sport wekelijks (18-84 jaar)|2015";"sport wekelijks (18-84 jaar)|2016";"sport wekelijks (18-84 jaar)|2017";"sport wekelijks (18-84 jaar)|2018";"sport wekelijks (18-84 jaar)|2019";"sport wekelijks (18-84 jaar)|2020";"sport wekelijks (18-84 jaar)|2021";"hoog huishoudinkomen (20%) %|2014";"hoog huishoudinkomen (20%) %|2015";"hoog huishoudinkomen (20%) %|2016";"hoog huishoudinkomen (20%) %|2017";"hoog huishoudinkomen (20%) %|2018";"hoog huishoudinkomen (20%) %|2019";"hoog huishoudinkomen (20%) %|2020";"hoog huishoudinkomen (20%) %|2021"
"Achtse Barrier-Gunterslaer";1887;1879;1880;1889;1880;1877;1867;1871;1901;1888;1857;1865;1848;1860;1854;1840;378;372;365;355;355;358;373;368;471;458;456;450;439;435;423;406;380;375;355;381;373;374;359;373;467;462;470;472;472;482;473;481;586;571;556;525;502;493;480;463;655;645;622;623;616;611;592;603;556;566;573;573;565;555;568;544;231;248;271;305;330;346;364;375;60;66;62;63;68;75;81;91;4;4;7;7;8;8;8;7;2978;2962;2920;2895;2843;2838;2778;2738;479;479;488;497;509;493;506;511;331;326;329;362;376;406;437;462;34;34;42;30;33;36;29;38;21;19;19;16;16;22;20;25;1630;1630;1620;1655;1635;1655;1640;1655;".";440;430;475;445;465;470;475;".";570;575;565;585;580;565;570;".";625;620;620;600;605;605;605;2,3;2,3;2,3;2,3;2,3;2,3;2,3;2,2;55;54;58;56;62;63;65;72;24,2;23,0;23,2;22,4;23,7;23,2;22,9;22,2
"Achtse Barrier-Hoeven";2058;2042;2042;2026;2002;1990;1986;1962;2053;2028;2045;2022;2011;2015;2003;1974;454;447;444;413;389;399;391;385;519;503;493;463;474;468;462;452;436;432;444;452;436;422;415;395;499;494;498;509;510;521;542;565;652;623;608;581;565;525;491;459;787;760;718;696;645;612;588;587;472;510;548;572;610;659;670;658;210;203;231;257;262;270;303;316;77;93;97;96;105;114;110;104;5;5;6;9;17;15;17;15;3144;3109;3107;3048;2991;2928;2867;2781;520;514;507;518;500;530;544;533;447;447;473;482;522;547;578;622;39;41;24;48;35;39;42;40;22;22;29;17;16;21;35;29;1780;1780;1780;1780;1775;1790;1785;1775;".";545;545;545;530;550;540;560;".";530;545;550;565;565;575;565;".";705;695;690;680;670;670;650;2,3;2,3;2,3;2,3;2,3;2,2;2,4;2,2;48;46;41;48;53;58;61;59;21,2;20,6;20,5;20,6;21,4;19,5;19,4;19,2
"Achtse Barrier-Spaaihoef";2408;2408;2380;2356;2367;2341;2344;2324;2255;2245;2223;2193;2187;2176;2161;2150;555;562;555;532;518;498;481;463;530;506;498;485;482;464;469;455;475;463;418;424;449;459;464;436;600;574;592;582;586;593;620;647;707;690;661;653;620;589;561;548;955;952;915;863;814;801;757;696;554;607;629;666;703;725;734;786;202;206;239;246;275;286;307;327;77;87;87;84;95;89;93;101;8;6;9;14;12;13;19;15;3803;3806;3763;3700;3706;3646;3565;3501;524;515;513;512;509;507;526;529;336;332;327;337;339;364;414;444;50;49;44;38;48;42;36;56;20;26;26;19;28;21;20;22;1900;1905;1900;1880;1905;1900;1900;1910;".";450;465;450;475;485;490;490;".";630;630;645;650;655;645;675;".";830;810;790;780;760;760;745;2,5;2,4;2,4;2,4;2,4;2,4;2,2;2,3;59;56;57;53;48;60;62;59;28,3;27,6;27,5;27,7;26,1;26,8;26,0;26,0
"Barrier";1121;1147;1131;1110;1106;1086;1069;1051;1069;1101;1120;1084;1061;1057;1061;1026;312;316;302;279;260;234;220;193;240;248;258;246;264;267;280;270;333;389;385;375;350;365;346;366;364;346;334;326;304;281;283;244;343;330;340;331;353;349;338;332;217;232;238;247;241;246;263;270;198;202;204;203;196;196;191;188;128;133;136;132;137;141;143;150;51;49;54;56;62;61;61;59;4;5;1;0;1;3;5;5;1344;1387;1385;1353;1312;1265;1248;1228;307;308;305;297;285;310;319;312;539;555;562;545;571;568;563;537;41;27;27;18;20;20;21;15;15;17;12;14;11;13;"x";17;1070;1050;1050;1035;1025;1020;1010;1010;".";480;470;480;465;460;450;460;".";230;235;225;230;230;240;235;".";345;345;340;330;330;320;315;2,0;2,1;2,1;2,1;2,1;2,1;2,1;2,0;54;41;41;43;47;64;63;57;12,6;12,8;13,8;14,3;15,3;15,3;15,1;15,6
"BeA2";19;17;17;21;17;18;15;17;16;15;12;10;10;12;10;"x";0;0;0;0;0;0;0;1;5;4;4;3;3;1;1;1;2;2;2;4;6;8;7;8;3;3;0;0;0;2;1;1;8;8;9;8;3;2;2;2;5;4;5;5;6;9;7;8;6;5;5;6;6;5;4;4;6;5;3;4;1;1;1;1;0;1;1;1;2;2;2;0;0;0;0;0;0;0;0;0;29;26;24;24;20;22;17;17;"x";"x";"x";"x";"x";"x";"x";"x";"x";"x";"x";"x";"x";"x";"x";"x";"x";"x";"x";"x";"x";"x";"x";"x";"x";"x";"x";"x";"x";"x";"x";"x";15;10;10;10;10;15;15;15;".";"x";"x";"x";"x";"x";"x";"x";".";"x";"x";"x";"x";"x";"x";"x";".";"x";"x";"x";"x";"x";"x";"x";2,3;2,7;2,4;2,2;2,3;2,1;1,9;1,9;".";".";".";".";".";".";".";".";".";".";".";".";".";".";".";"."
"Beemden";"x";"x";"x";"x";"x";"x";"x";"x";"x";"x";"x";"x";"x";"x";"x";"x";"x";"x";"x";"x";"x";"x";"x";"x";"x";"x";"x";"x";"x";"x";"x";"x";"x";"x";"x";"x";"x";"x";"x";"x";"x";"x";"x";"x";"x";"x";"x";"x";"x";"x";"x";"x";"x";"x";"x";"x";"x";"x";"x";"x";"x";"x";"x";"x";"x";"x";"x";"x";"x";"x";"x";"x";"x";"x";"x";"x";"x";"x";"x";"x";"x";"x";"x";"x";"x";"x";"x";"x";"x";"x";"x";"x";"x";"x";"x";"x";"x";"x";"x";"x";"x";"x";"x";"x";"x";"x";"x";"x";"x";"x";"x";"x";"x";"x";"x";"x";"x";"x";"x";"x";"x";"x";"x";"x";"x";"x";"x";"x";"x";"x";"x";"x";"x";"x";"x";"x";"x";"x";"x";"x";"x";"x";"x";"x";".";"x";"x";"x";"x";"x";"x";"x";".";"x";"x";"x";"x";"x";"x";"x";".";"x";"x";"x";"x";"x";"x";"x";"";"";"";"";"";"-";1,9;"-";".";".";".";".";".";".";".";".";".";".";".";".";".";".";".";"."
"Bennekel-Oost";1763;1785;1825;1811;1802;1803;1832;1766;1520;1533;1519;1511;1541;1573;1570;1562;316;326;311;294;301;318;324;298;271;293;301;296;312;282;288;291;784;764;769;772;741;757;735;699;619;616;619;606;620;638;668;643;399;408;425;443;433;422;430;439;335;338;345;328;344;355;364;355;301;316;305;293;280;274;276;272;154;158;167;192;198;218;217;228;95;90;92;85;100;96;89;88;9;10;11;15;14;16;11;15;1809;1794;1779;1712;1686;1689;1642;1591;564;602;646;668;707;703;749;768;910;923;920;944;950;984;1011;969;41;44;42;42;38;41;40;42;26;16;19;17;20;33;23;33;1815;1840;1855;1830;1875;1865;1885;1830;".";975;995;975;1015;995;1005;960;".";445;435;440;435;435;430;425;".";425;430;425;420;435;450;445;1,8;1,8;1,8;1,8;1,8;1,8;1,8;1,8;42;32;33;35;47;52;54;57;6,3;6,2;6,8;6,4;6,2;6,3;7,0;7,2
"Bennekel-West, Gagelbosch";1596;1612;1634;1629;1714;1710;1715;1673;1662;1651;1619;1625;1727;1689;1673;1653;313;309;303;291;275;264;258;242;353;332;331;331;337;333;311;313;454;471;462;475;504;484;482;428;454;468;473;475;475;471;484;506;428;406;401;387;410;411;393;380;356;346;353;363;396;382;390;408;334;347;355;347;375;370;378;366;306;312;306;305;350;363;369;365;217;225;222;226;259;255;259;260;43;47;47;54;60;66;64;58;1986;1969;1915;1890;1997;1956;1911;1859;464;488;514;508;566;558;594;582;808;806;824;856;878;885;883;885;25;27;30;34;22;37;26;30;47;49;50;62;57;67;81;63;1555;1600;1620;1595;1785;1740;1750;1745;".";730;750;730;885;825;855;855;".";420;420;425;465;475;470;475;".";455;450;445;430;435;425;410;2,0;2,0;1,9;2,0;1,9;1,9;1,9;1,9;42;32;33;35;47;52;54;57;7,0;7,7;7,1;7,4;6,6;7,6;8,1;7,8
"Bergen";1338;1369;1366;1355;1425;1489;1536;1561;1056;1110;1120;1118;1134;1131;1191;1214;146;136;140;129;129;133;145;129;111;127;124;135;137;130;150;168;823;873;874;862;860;925;928;961;484;493;503;487;532;527;563;557;339;340;319;303;317;318;329;323;209;221;225;233;252;255;274;289;153;156;162;173;161;157;159;161;92;93;94;102;116;118;122;125;30;35;39;41;43;49;52;57;7;5;8;9;14;8;5;5;1569;1565;1565;1554;1493;1477;1444;1474;483;528;508;518;571;620;663;641;342;386;415;402;497;523;620;660;11;25;24;15;23;29;21;18;11;"x";"x";"x";10;14;"x";"x";1690;1765;1750;1725;1765;1790;1855;1875;".";1275;1245;1205;1215;1200;1240;1235;".";350;360;375;395;410;435;460;".";145;150;155;160;180;185;180;1,4;1,4;1,4;1,4;1,4;1,5;1,5;1,5;48;62;60;60;62;66;67;73;15,0;15,5;16,3;15,9;15,4;14,1;13,1;15,0
"Binnenstad";1729;1722;1783;1843;2127;2248;2231;2409;1202;1282;1285;1317;1471;1558;1519;1577;106;112;116;129;144;134;130;134;119;135;130;119;172;240;233;328;1155;1187;1240;1258;1494;1552;1465;1540;615;620;634;676;793;830;848;864;277;271;268;292;297;337;346;354;242;256;246;243;256;257;265;284;212;208;218;217;233;249;246;248;117;131;136;147;140;141;147;160;78;75;74;66;59;57;63;63;11;10;9;13;10;10;7;11;1878;1925;1928;1930;1957;1946;1880;1900;540;528;549;573;764;903;894;1056;514;552;594;657;877;958;976;1030;16;19;23;19;25;26;23;19;18;16;11;14;22;14;18;14;2175;2195;2215;2310;2645;2675;2640;2865;".";1615;1600;1680;1930;1950;1920;2120;".";445;475;475;550;580;565;575;".";140;145;165;170;145;155;165;1,3;1,3;1,4;1,4;1,4;1,3;1,3;1,3;51;39;49;50;57;63;62;65;11,4;12,0;11,7;11,3;10,1;11,2;11,1;10,1
"Blaarthem";1279;1298;1290;1314;1292;1287;1303;1294;1138;1166;1175;1181;1165;1160;1145;1144;236;240;230;237;229;225;231;210;188;211;200;205;206;209;223;232;459;484;485;503;490;467;442;419;427;420;399;394;380;381;401;431;338;332;348;352;343;346;342;322;324;324;323;323;332;324;317;315;241;244;244;239;236;252;270;274;136;141;162;167;164;156;140;148;63;64;66;71;70;80;73;77;6;5;9;4;7;7;9;10;1493;1507;1488;1475;1429;1407;1352;1322;332;356;369;362;366;357;365;386;593;602;609;658;662;683;731;730;23;23;26;24;22;29;25;37;11;11;13;19;18;14;19;19;1375;1415;1420;1415;1390;1395;1385;1385;".";815;810;785;760;785;750;765;".";300;310;320;310;295;315;300;".";305;305;315;320;315;320;315;1,7;1,7;1,7;1,8;1,8;1,7;1,8;1,7;42;52;47;52;58;66;68;68;7,5;7,3;6,7;8,1;8,5;8,0;8,0;8,8
"Blixembosch-Oost";3516;3515;3558;3618;3610;3659;3631;3636;3485;3474;3493;3575;3607;3637;3615;3586;896;808;769;767;779;776;782;798;1333;1322;1312;1285;1236;1239;1182;1108;492;553;621;685;689;713;731;734;639;629;650;713;758;785;787;816;1648;1536;1441;1356;1248;1187;1104;1017;1135;1245;1335;1398;1482;1515;1526;1538;454;468;494;533;548;599;651;687;289;292;288;308;312;319;315;337;103;120;126;130;147;144;149;169;12;16;15;18;18;19;19;18;5557;5472;5464;5478;5366;5293;5180;5046;778;765;769;780;831;871;869;868;666;752;818;935;1020;1132;1197;1308;56;52;64;69;66;75;69;70;26;37;20;26;31;33;20;35;2465;2480;2530;2605;2640;2680;2670;2695;".";415;445;460;480;495;510;535;".";665;665;695;710;720;710;730;".";1405;1420;1455;1455;1470;1455;1435;2,8;2,8;2,8;2,8;2,7;2,7;2,7;2,7;63;58;58;59;65;67;73;71;44,7;43,9;44,4;44,3;45,1;44,0;44,1;44,0
"Blixembosch-West";1065;1046;1051;1067;1074;1063;1046;1045;1039;1033;1035;1027;1029;1036;1023;1005;167;165;175;175;181;178;176;169;357;337;329;313;299;303;278;279;188;182;179;194;204;209;217;197;143;141;154;159;157;151;169;174;329;305;288;260;254;250;221;223;509;511;503;510;497;462;438;415;283;296;315;317;324;347;362;363;102;111;111;131;147;152;154;176;25;30;29;31;35;42;49;47;1;2;4;4;5;5;5;7;1743;1712;1692;1688;1656;1651;1586;1549;180;181;192;183;188;178;183;190;181;187;203;223;259;270;300;311;16;"x";16;14;12;15;11;14;"x";11;11;"x";13;"x";17;"x";780;775;780;785;790;785;770;770;".";105;110;105;110;115;105;100;".";290;290;305;310;300;315;325;".";385;380;375;370;370;355;345;2,7;2,7;2,7;2,7;2,7;2,7;2,7;2,7;63;58;58;59;65;67;73;71;49,5;47,5;49,7;49,2;47,4;46,9;46,2;46,0
"Bloemenplein";595;610;612;621;644;632;620;623;572;606;591;593;605;615;586;576;110;113;105;114;124;122;114;98;71;73;74;66;87;91;74;81;303;327;302;295;307;310;318;323;220;225;234;246;246;231;228;238;131;144;151;153;153;142;140;143;132;123;129;137;131;147;136;127;110;118;109;98;92;93;87;86;55;58;64;71;72;75;77;74;32;33;30;29;29;30;28;26;3;4;5;5;8;6;4;3;778;801;767;764;768;737;712;691;167;185;200;209;219;247;233;246;222;232;236;241;262;263;261;262;20;12;15;18;20;14;"x";10;"x";"x";11;"x";"x";"x";"x";10;715;735;745;745;755;760;735;735;".";420;445;445;440;440;430;435;".";180;170;170;165;165;165;175;".";140;135;135;150;150;135;130;1,6;1,7;1,6;1,6;1,6;1,6;1,7;1,6;43;56;45;46;47;60;64;69;8,4;10,4;8,1;9,2;9,4;8,7;9,8;9,7
"Bokt";68;67;67;66;66;66;63;61;58;57;60;61;56;61;62;63;11;10;12;10;7;11;12;12;22;20;21;24;23;19;19;18;15;12;13;10;10;14;12;13;11;12;8;10;12;9;10;9;26;28;30;25;21;20;14;12;20;20;20;25;26;25;28;31;9;7;7;7;8;13;14;13;10;12;13;11;10;9;8;9;2;3;3;4;4;6;7;6;0;0;0;1;1;1;1;1;117;116;115;114;109;116;114;115;"x";"x";11;12;11;10;10;"x";"x";"x";"x";"x";"x";"x";"x";"x";"x";"x";"x";"x";"x";"x";"x";"x";"x";"x";"x";"x";"x";"x";"x";"x";40;40;40;40;45;45;40;45;".";10;10;10;10;10;10;10;".";10;10;10;10;10;15;15;".";25;25;25;25;25;20;20;3,0;2,9;3,0;3,0;2,8;2,8;2,9;2,7;".";".";".";".";".";".";".";".";".";".";".";".";".";".";".";"."
"Bosrijk";207;209;214;206;207;216;218;210;190;195;199;201;191;200;205;204;93;90;88;82;61;74;71;60;26;35;40;52;64;60;66;80;24;20;18;13;20;17;18;20;111;103;101;82;60;52;50;40;75;85;90;96;105;131;127;125;41;42;43;47;51;44;52;48;21;23;27;28;27;28;27;27;5;5;6;7;10;10;12;14;1;1;0;0;0;0;0;0;0;0;0;0;0;0;0;0;330;333;336;339;328;319;307;311;32;33;35;32;40;56;63;54;35;38;42;36;30;41;53;49;"x";"x";"x";"x";"x";"x";"x";"x";"x";"x";"x";"x";"x";"x";"x";"x";150;150;155;150;150;160;155;150;".";25;30;30;35;35;35;35;".";50;55;45;45;45;45;40;".";75;75;80;75;75;75;75;2,6;2,7;2,7;2,7;2,6;2,6;2,7;2,7;62;56;49;54;60;70;76;81;49,7;50,3;47,7;51,7;47,4;51,6;50,6;55,6
"Burghplan";1491;1510;1522;1533;1551;1545;1540;1509;1459;1494;1495;1490;1529;1510;1517;1486;340;346;328;331;345;343;331;296;275;294;322;322;324;321;331;320;491;501;490;476;486;469;474;504;539;546;542;542;552;540;528;493;458;468;468;475;478;463;455;447;325;327;340;362;377;391;407;399;246;249;256;253;253;265;269;280;176;179;178;175;176;168;170;167;88;80;78;68;74;78;76;76;12;14;15;19;15;17;16;13;1759;1764;1740;1736;1735;1706;1676;1633;304;319;348;353;391;391;397;415;887;921;929;934;954;958;984;947;44;35;39;38;36;35;31;33;19;18;22;20;15;19;25;14;1565;1585;1585;1580;1600;1570;1580;1575;".";815;820;820;830;785;795;800;".";325;315;310;310;325;315;335;".";450;460;460;465;465;470;445;1,9;1,9;1,9;1,9;1,9;1,9;1,9;1,9;41;46;46;44;38;48;52;50;8,8;9,4;7,9;8,2;8,7;9,9;9,6;9,3
"CastiliÃ«laan";98;135;280;244;74;34;36;35;60;73;138;142;40;33;33;33;10;28;64;67;7;6;6;5;54;56;103;82;30;18;17;13;9;44;99;106;38;10;12;16;10;41;74;71;10;7;7;7;7;18;40;31;11;8;8;9;21;14;24;13;6;7;7;7;26;5;10;12;9;7;8;7;12;0;1;2;1;2;2;2;6;1;2;1;1;1;1;1;3;1;1;1;1;1;1;1;135;92;82;70;99;63;63;66;16;"x";25;34;"x";"x";"x";"x";"x";109;311;282;10;"x";"x";"x";"x";11;16;"x";"x";"x";"x";"x";"x";"x";"x";"x";"x";"x";"x";"x";15;20;15;15;20;15;25;20;".";10;"x";"x";"x";"x";10;"x";".";10;10;10;10;"x";"x";10;".";10;10;10;10;10;10;"x";3,1;2,7;2,9;2,8;2,7;2,7;2,5;2,7;63;58;58;59;65;67;73;".";".";".";".";".";".";".";".";"."
"Doornakkers-Oost";1460;1443;1459;1476;1470;1472;1485;1491;1409;1411;1413;1405;1414;1401;1420;1397;309;299;310;308;317;318;304;286;279;285;273;277;290;286;289;288;558;529;523;495;444;439;445;427;456;458;468;471;487;486;485;495;362;366;372;389;398;396;393;390;304;320;329;331;320;310;328;338;219;208;228;233;239;256;264;266;162;166;166;171;181;183;199;197;170;178;161;163;161;160;157;148;50;46;43;44;47;39;41;53;1592;1579;1595;1579;1593;1576;1575;1544;336;345;350;354;356;361;375;390;941;931;928;949;935;936;955;954;30;40;33;30;33;26;25;32;34;54;49;48;68;46;48;62;1475;1480;1495;1530;1495;1475;1505;1500;".";755;755;800;755;730;765;775;".";345;350;330;325;330;320;315;".";385;395;405;410;420;415;410;1,9;1,9;1,9;1,9;1,9;1,9;1,9;1,9;37;42;50;60;47;49;53;59;5,8;4,4;4,4;5,2;6,7;5,7;6,4;6,1
"Doornakkers-West";1872;1882;1930;1919;1862;1861;1847;1882;1648;1644;1657;1658;1645;1632;1635;1655;377;377;391;382;366;359;335;330;327;299;309;318;337;330;319;328;755;758;749;763;707;698;723;771;575;583;596;591;581;553;571;569;487;500;508;483;461;473;450;460;402;406;409;401;422;433;428;421;314;321;347;360;332;332;339;335;196;193;186;182;206;206;213;225;79;83;81;87;87;99;91;84;10;10;14;12;10;10;13;14;2198;2206;2186;2202;2121;2083;2023;2043;443;440;471;467;500;512;523;549;881;884;933;910;888;898;936;945;44;46;46;34;40;43;27;53;18;20;28;27;11;25;23;24;1895;1905;1940;1905;1880;1860;1870;1895;".";985;1020;980;970;945;980;955;".";465;455;460;455;455;445;485;".";460;470;470;460;460;450;455;1,9;1,9;1,9;1,9;1,9;1,9;1,9;1,9;37;42;50;60;47;49;53;59;8,5;8,1;8,3;8,7;9,4;9,2;9,5;9,7
"Drents Dorp";1135;1197;1229;1232;1220;1214;1221;1195;1083;1146;1158;1170;1191;1173;1170;1170;251;276;288;297;302;303;312;312;218;222;204;225;229;227;224;222;375;398;397;374;367;329;307;309;442;500;512;502;486;483;484;458;304;311;326;319;325;334;343;338;262;271;281;298;298;304;307;307;208;206;208;215;227;225;231;227;106;109;121;122;126;135;135;141;41;39;36;38;41;37;40;45;11;11;14;12;10;10;8;6;1418;1491;1501;1504;1497;1455;1433;1428;322;312;322;309;346;347;355;350;478;540;564;589;568;585;603;587;34;28;35;36;47;43;31;34;15;"x";16;20;14;18;14;18;1185;1225;1260;1260;1265;1260;1255;1225;".";585;610;605;605;625;600;590;".";275;275;285;275;245;265;260;".";370;380;375;380;395;390;385;1,9;1,9;1,9;1,9;1,9;1,9;1,9;1,9;40;47;54;54;54;57;59;71;8,0;7,1;7,1;7,6;7,5;7,3;6,9;7,5
"Driehoeksbos";504;492;487;485;480;480;478;489;524;504;505;503;498;496;490;473;87;77;68;62;55;55;49;53;155;144;146;143;140;140;129;122;54;53;63;66;67;66;74;78;48;42;45;57;62;62;62;60;191;180;159;140;118;116;108;98;157;158;164;168;176;166;163;162;163;162;154;155;153;154;155;157;107;110;123;121;129;138;138;142;62;64;66;71;74;74;80;77;4;6;4;5;4;5;10;13;849;818;819;827;806;790;783;764;119;119;108;95;92;96;96;98;60;59;65;66;80;90;89;100;"x";"x";"x";"x";"x";"x";"x";"x";14;"x";13;"x";"x";10;11;"x";415;415;415;415;420;420;425;415;".";95;95;95;90;95;100;95;".";190;185;190;195;190;185;185;".";135;140;135;130;135;130;135;2,5;2,4;2,4;2,4;2,4;2,3;2,3;2,3;53;59;55;57;54;59;61;72;43,1;40,9;39,8;41,0;40,1;41,0;39,3;41,3
"Eckart";2075;2073;2073;2045;2042;2054;2058;2041;2238;2241;2230;2220;2218;2247;2244;2233;461;457;444;434;440;435;435;426;484;466;475;469;459;479;473;458;571;576;563;568;545;564;568;596;510;509;510;487;508;534;550;546;547;536;516;516;514;497;494;457;485;514;532;543;544;573;569;590;465;457;449;444;451;434;445;452;537;522;514;484;474;443;433;417;226;244;264;281;288;303;301;299;27;33;36;39;37;39;34;33;2623;2611;2575;2515;2473;2426;2356;2292;497;503;518;512;513;536;552;568;1193;1200;1210;1238;1274;1339;1394;1414;41;39;41;40;30;43;49;38;45;43;45;39;51;43;46;52;2070;2090;2100;2085;2090;2115;2125;2095;".";870;900;900;910;920;935;910;".";585;575;555;550;550;530;540;".";640;630;635;625;640;655;650;2,1;2,1;2,0;2,0;2,0;2,0;2,0;2,0;38;42;35;42;57;61;61;72;7,0;5,9;6,4;6,5;6,6;7,3;8,1;8,4
"Eckartdal";176;170;164;167;166;171;172;166;126;134;122;120;121;122;124;124;0;0;0;0;0;1;2;1;2;1;2;3;4;3;4;4;14;13;6;5;5;7;8;10;40;40;35;33;29;26;25;21;50;44;42;42;45;43;42;44;72;84;82;80;77;79;81;75;63;60;56;62;68;66;63;67;37;36;38;37;32;42;47;42;22;22;20;21;24;23;22;24;2;4;5;4;3;3;2;2;253;255;240;240;239;242;238;240;33;34;32;34;36;38;43;37;16;15;14;13;12;13;15;13;"x";"x";"x";"x";"x";"x";"x";"x";"x";14;16;13;"x";14;19;20;"x";"x";"x";45;"x";"x";"x";"x";".";"x";"x";45;"x";"x";"x";"x";".";"x";"x";"x";"x";"x";"x";"x";".";"x";"x";"x";"x";"x";"x";"x";"";"";"";1,1;"";"-";"-";"-";".";".";".";".";".";".";".";".";".";".";".";".";".";".";".";"."
"Eikenburg";693;680;700;701;716;731;737;734;741;736;782;762;776;780;783;761;170;157;154;139;127;110;126;131;259;263;278;270;250;261;244;236;80;77;89;89;119;135;128;118;116;105;128;117;124;121;138;129;231;225;220;209;204;206;203;187;254;265;273;291;297;290;284;289;149;154;162;156;170;183;182;186;103;102;110;116;121;128;139;144;63;56;54;57;65;61;58;58;9;12;14;19;15;16;18;17;1232;1214;1265;1254;1281;1295;1289;1284;155;156;162;160;169;175;186;170;47;46;55;49;42;41;45;41;"x";13;12;12;10;15;13;17;15;"x";13;17;10;20;17;14;580;575;580;580;630;645;640;635;".";185;170;175;220;230;220;225;".";155;165;165;170;185;175;180;".";240;245;240;235;235;245;230;2,4;2,4;2,5;2,4;2,3;2,3;2,3;2,3;68;76;74;70;66;78;80;82;46,3;47,3;48,4;50,0;42,9;42,5;43,0;45,2
"Eindhoven Airport";"x";"x";"x";"x";"x";"x";"x";"x";"x";"x";"x";"x";"x";"x";"x";"x";"x";"x";"x";"x";"x";"x";"x";"x";"x";"x";"x";"x";"x";"x";"x";"x";"x";"x";"x";"x";"x";"x";"x";"x";"x";"x";"x";"x";"x";"x";"x";"x";"x";"x";"x";"x";"x";"x";"x";"x";"x";"x";"x";"x";"x";"x";"x";"x";"x";"x";"x";"x";"x";"x";"x";"x";"x";"x";"x";"x";"x";"x";"x";"x";"x";"x";"x";"x";"x";"x";"x";"x";"x";"x";"x";"x";"x";"x";"x";"x";"x";"x";"x";"x";"x";"x";"x";"x";"x";"x";"x";"x";"x";"x";"x";"x";"x";"x";"x";"x";"x";"x";"x";"x";"x";"x";"x";"x";"x";"x";"x";"x";"x";"x";"x";"x";"x";"x";"x";"x";"x";"x";"x";"x";"x";"x";"x";"x";".";"x";"x";"x";"x";"x";"x";"x";".";"x";"x";"x";"x";"x";"x";"x";".";"x";"x";"x";"x";"x";"x";"x";"";"";"";"";"";1,5;1,5;1,5;".";".";".";".";".";".";".";".";".";".";".";".";".";".";".";"."
"Eliasterrein, Vonderkwartier";1618;1620;1639;1625;1614;1622;1625;1629;1514;1543;1548;1574;1570;1555;1541;1525;356;348;376;373;366;349;330;313;292;297;264;277;283;287;300;300;658;660;679;666;615;643;625;619;547;544;533;527;535;515;506;513;449;454;455;456;470;467;454;440;374;398;405;399;386;373;383;385;216;219;237;261;276;288;305;314;127;118;109;111;127;128;139;151;82;89;91;94;93;90;85;84;34;38;40;36;34;38;39;35;2438;2451;2480;2496;2418;2368;2337;2278;451;461;454;443;473;505;498;535;246;253;255;261;294;305;331;341;39;41;50;31;43;28;35;26;37;35;32;32;38;35;51;47;1675;1695;1685;1705;1690;1690;1670;1665;".";935;920;940;915;920;900;880;".";365;365;360;380;370;370;390;".";400;410;410;395;400;400;390;1,8;1,8;1,9;1,8;1,8;1,8;1,9;1,9;57;52;57;55;56;65;68;74;20,5;21,0;21,9;21,9;22,1;21,6;21,9;22,8
"Elzent-Noord";517;526;537;561;573;614;604;585;437;434;433;450;443;467;470;454;73;68;64;74;77;80;78;73;65;79;92;101;112;104;95;109;224;193;200;199;173;192;213;190;115;128;123;137;148;185;177;159;106;114;112;114;121;128;106;108;109;109;118;129;130;130;138;135;144;140;132;120;112;106;106;96;75;88;89;97;101;112;115;121;37;34;35;33;38;38;42;45;6;7;5;7;4;6;4;3;660;671;669;690;664;673;653;643;149;155;173;166;168;197;199;195;145;134;128;155;184;211;222;201;"x";"x";12;10;"x";10;"x";"x";"x";"x";"x";"x";"x";"x";10;"x";530;535;530;535;545;570;570;535;".";270;260;250;270;265;255;225;".";165;170;170;155;185;190;190;".";100;100;120;120;120;120;115;1,8;1,8;1,8;1,9;1,9;1,9;1,9;1,9;64;66;72;70;72;71;73;85;35,2;33,7;33,7;34,2;32,0;33,8;31,5;35,6
"Elzent-Zuid";109;101;98;114;146;145;153;147;95;92;96;111;138;149;148;149;27;24;24;31;31;24;18;15;32;33;30;36;36;37;39;40;16;12;14;6;16;25;26;25;13;16;20;23;25;20;17;14;40;38;29;26;31;28;28;32;25;22;25;40;45;50;50;50;26;24;27;37;50;55;51;48;12;14;16;18;35;37;54;52;10;6;7;7;14;16;15;18;3;4;2;1;1;2;3;2;167;154;158;187;233;227;233;234;30;32;29;28;34;40;42;46;"x";"x";"x";10;17;27;26;16;"x";"x";"x";"x";"x";"x";"x";"x";"x";"x";"x";"x";"x";"x";"x";"x";75;75;75;90;115;135;145;145;".";25;20;20;25;35;45;45;".";25;25;30;55;65;65;60;".";30;35;40;40;35;35;35;2,6;2,5;2,5;2,5;2,4;2,2;2,1;2,1;64;66;72;70;72;71;73;85;".";".";".";".";63,0;57,3;50,0;50,0
"Engelsbergen";351;343;337;334;332;326;317;316;310;307;312;317;324;314;318;316;55;47;37;38;36;41;38;31;72;64;66;72;70;66;69;76;123;114;122;110;118;101;96;86;56;68;65;67;68;69;71;78;82;74;73;79;70;63;66;62;115;112;110;110;109;110;104;106;97;104;98;88;98;90;96;93;40;44;52;59;62;74;69;76;19;20;22;25;23;24;25;19;2;3;4;3;2;2;1;5;542;527;526;527;523;500;486;482;96;88;97;104;109;108;118;118;23;35;26;20;24;32;31;32;"x";"x";"x";"x";"x";"x";"x";"x";"x";"x";"x";"x";"x";"x";"x";"x";330;320;335;325;340;315;325;315;".";135;155;135;145;135;140;135;".";115;110;120;110;100;100;100;".";80;75;80;80;80;80;80;2,0;2,0;1,9;2,0;1,9;2,0;2,0;2,0;57;52;57;55;56;65;68;74;33,7;31,3;29,5;31,7;31,4;34,9;29,9;31,9
"Esp";"x";"x";"x";"x";"x";"x";"x";"x";"x";"x";"x";"x";"x";"x";"x";"x";0;0;0;0;0;"x";0;0;0;0;0;0;0;"x";0;0;0;3;2;1;1;"x";4;2;0;0;0;1;1;"x";1;1;0;0;0;0;1;"x";1;1;1;1;0;0;0;"x";1;1;2;2;2;1;1;"x";1;1;4;3;4;4;4;"x";3;3;4;3;2;2;2;"x";3;3;0;0;0;1;0;"x";0;0;"x";10;"x";"x";"x";"x";12;10;"x";"x";"x";"x";"x";"x";"x";"x";"x";"x";"x";"x";"x";"x";"x";"x";"x";"x";"x";"x";"x";"x";"x";"x";"x";"x";"x";"x";"x";"x";"x";"x";"x";"x";"x";"x";10;"x";10;"x";".";"x";"x";"x";"x";"x";"x";"x";".";"x";"x";"x";"x";"x";"x";"x";".";"x";"x";"x";"x";"x";"x";"x";"-";1,7;1,4;1,4;1,7;1,5;1,8;1,7;".";".";".";".";".";".";".";".";".";".";".";".";".";".";".";"."
"Fellenoord";"x";"x";"x";80;101;100;99;100;"x";"x";"x";70;65;75;71;72;"x";"x";"x";5;2;1;1;2;"x";"x";"x";7;7;2;7;8;"x";"x";"x";95;115;115;109;117;"x";"x";"x";36;36;48;44;36;"x";"x";"x";4;6;9;9;7;"x";"x";"x";2;0;0;0;2;"x";"x";"x";1;0;0;0;0;"x";"x";"x";0;0;0;0;0;"x";"x";"x";0;0;0;0;0;"x";"x";"x";0;0;0;0;0;"x";"x";"x";"x";14;11;15;12;"x";"x";"x";59;68;56;53;53;"x";"x";"x";87;84;108;102;107;"x";"x";"x";"x";"x";"x";"x";"x";"x";"x";"x";"x";"x";"x";"x";"x";"x";"x";"x";120;145;145;145;155;".";"x";"x";105;120;115;125;135;".";"x";"x";20;20;25;20;15;".";"x";"x";"x";"x";"x";"x";"x";"";"";"";1,2;1,2;1,2;1,2;1,1;".";".";".";".";55;61;".";".";".";".";".";".";2,8;3,4;0,0;3,7
"Flight Forum";"x";"x";"x";"x";"x";"x";"x";"x";"x";"x";"x";"x";"x";"x";"x";"x";"x";"x";"x";"x";"x";"x";"x";"x";"x";"x";"x";"x";"x";"x";"x";"x";"x";"x";"x";"x";"x";"x";"x";"x";"x";"x";"x";"x";"x";"x";"x";"x";"x";"x";"x";"x";"x";"x";"x";"x";"x";"x";"x";"x";"x";"x";"x";"x";"x";"x";"x";"x";"x";"x";"x";"x";"x";"x";"x";"x";"x";"x";"x";"x";"x";"x";"x";"x";"x";"x";"x";"x";"x";"x";"x";"x";"x";"x";"x";"x";"x";"x";"x";"x";"x";"x";"x";"x";"x";"x";"x";"x";"x";"x";"x";"x";"x";"x";"x";"x";"x";"x";"x";"x";"x";"x";"x";"x";"x";"x";"x";"x";"x";"x";"x";"x";"x";"x";"x";"x";"x";"x";"x";"x";"x";"x";"x";"x";".";"x";"x";"x";"x";"x";"x";"x";".";"x";"x";"x";"x";"x";"x";"x";".";"x";"x";"x";"x";"x";"x";"x";"";"";"";"";"";"-";"-";2,0;".";".";".";".";".";".";".";".";".";".";".";".";".";".";".";"."
"Genderbeemd";1758;1797;1835;1859;1861;1875;1889;1851;1839;1819;1816;1800;1774;1767;1739;1726;384;387;386;406;369;357;370;356;395;381;378;376;376;363;350;329;361;383;434;408;434;449;450;442;463;485;492;533;533;548;558;583;482;483;493;483;481;465;465;431;520;505;509;493;472;470;443;471;580;588;601;578;567;550;526;488;217;229;233;273;307;336;352;366;135;120;86;89;82;92;100;99;60;55;40;20;14;12;14;12;2773;2753;2695;2625;2551;2505;2398;2320;514;535;601;650;654;644;673;664;310;328;356;384;430;493;557;593;36;39;43;35;25;46;29;40;34;29;20;25;22;20;24;31;1530;1565;1610;1680;1680;1695;1695;1700;".";500;530;585;595;620;630;640;".";520;545;560;540;555;545;550;".";550;540;535;545;525;515;505;2,3;2,3;2,2;2,2;2,2;2,1;2,1;2,1;50;52;48;49;55;58;62;68;24,6;24,7;22,0;22,1;22,7;21,5;22,0;21,0
"Genderdal";1452;1415;1485;1496;1498;1520;1538;1505;1305;1304;1370;1392;1409;1418;1419;1419;222;217;250;242;240;263;263;253;258;238;247;248;246;256;253;252;582;587;638;633;628;598;577;569;444;416;443;450;480;504;529;519;324;310;331;343;351;349;359;343;296;317;322;343;332;326;326;340;258;250;248;261;247;263;265;271;224;231;222;218;241;242;240;231;138;141;141;134;123;122;127;135;12;13;14;16;19;15;18;11;1556;1551;1605;1614;1587;1568;1553;1538;387;377;407;394;418;418;440;435;815;792;844;880;902;952;964;951;28;26;31;29;39;31;27;17;23;18;36;23;26;26;19;28;1625;1590;1660;1675;1700;1710;1720;1705;".";925;970;985;990;1000;1010;1010;".";350;350;355;370;340;345;350;".";320;345;345;345;360;360;345;1,7;1,7;1,7;1,7;1,7;1,7;1,7;1,7;48;53;43;37;34;49;50;56;5,3;4,9;4,5;4,7;4,7;5,2;4,7;5,4
"Generalenbuurt";2685;2731;2750;2736;2744;2787;2809;2758;2721;2721;2666;2652;2642;2634;2628;2592;555;559;525;521;494;474;439;417;521;499;502;496;494;517;526;511;870;888;869;846;863;871;911;965;852;867;854;854;846;862;863;822;671;637;623;621;627;615;611;619;633;643;671;678;678;682;685;650;514;537;542;542;522;523;530;521;433;464;454;439;459;465;459;436;312;311;321;338;334;345;345;340;46;49;57;53;69;67;68;69;3511;3505;3440;3388;3317;3259;3153;3030;670;706;712;705;715;741;802;781;1226;1243;1266;1295;1354;1421;1482;1539;60;51;54;47;50;45;37;52;67;80;93;79;77;87;96;74;2675;2670;2675;2715;2725;2745;2745;2725;".";1165;1195;1265;1275;1265;1275;1295;".";745;745;720;730;755;770;745;".";760;740;735;725;730;705;685;2,0;2,0;2,0;1,9;1,9;1,9;1,9;1,9;40;52;51;47;52;59;61;62;9,8;10,1;8,7;9,4;10,0;9,6;10,0;9,5
"Gennep";22;18;16;19;18;21;20;18;17;14;15;18;19;18;18;17;5;4;4;4;3;3;3;3;5;5;4;7;5;2;2;1;16;11;10;10;12;17;15;11;3;2;2;3;4;4;5;6;4;3;4;5;4;3;3;3;1;2;2;3;4;5;5;6;5;4;3;3;3;2;2;1;0;1;2;2;2;3;3;4;0;0;0;0;0;0;0;0;0;0;0;0;0;0;0;0;35;27;26;32;32;33;31;29;"x";"x";"x";"x";"x";"x";"x";"x";"x";"x";"x";"x";"x";"x";"x";"x";"x";"x";"x";"x";"x";"x";"x";"x";"x";"x";"x";"x";"x";"x";"x";"x";10;"x";"x";10;"x";10;10;10;".";"x";"x";"x";"x";"x";10;"x";".";"x";"x";"x";"x";"x";"x";"x";".";"x";"x";"x";"x";"x";"x";"x";2,4;3,0;2,1;2,1;2,6;2,6;1,8;2,1;".";".";".";".";".";".";".";".";".";".";".";".";".";".";".";"."
"Genneperzijde";533;517;512;534;585;625;622;625;692;674;683;697;713;754;738;726;103;103;103;98;93;90;82;76;113;122;123;128;147;165;161;154;78;74;75;74;120;150;166;150;99;96;88;94;80;79;71;78;132;133;139;138;135;136;116;112;132;123;128;133;128;133;143;136;103;106;118;120;144;151;145;149;119;114;118;126;131;148;158;174;234;215;200;218;231;232;213;209;112;106;104;103;90;96;106;114;1074;1041;1045;1076;1133;1177;1159;1150;122;120;118;121;121;145;144;144;29;31;33;35;45;58;58;58;"x";"x";10;"x";"x";"x";"x";"x";62;93;71;77;66;70;73;98;555;545;545;555;625;690;670;675;".";295;280;285;350;410;395;405;".";130;140;145;140;135;140;145;".";125;130;135;140;140;140;125;1,9;1,9;1,9;1,9;1,8;1,8;1,8;1,7;64;66;72;70;72;71;73;85;30,3;30,2;30,3;29,1;26,4;23,3;23,8;24,5
"Gerardusplein";1576;1612;1653;1700;1722;1733;1740;1689;1521;1545;1583;1625;1650;1658;1634;1633;416;403;446;444;455;445;404;367;381;394;377;394;401;388;401;411;503;520;528;533;563;577;563;543;491;483;499;530;536;512;517;513;495;503;517;520;504;527;483;472;390;402;403;413;411;425;456;445;254;265;267;284;290;293;306;322;110;130;147;156;165;172;185;185;54;49;45;40;39;45;50;49;4;9;8;11;8;7;9;15;2329;2400;2454;2497;2527;2507;2479;2427;430;405;436;445;463;487;486;481;339;353;347;383;382;397;409;414;35;43;35;43;46;32;27;46;14;17;13;24;16;"x";16;12;1485;1545;1550;1560;1600;1640;1650;1645;".";725;705;670;710;745;760;765;".";325;320;345;330;335;350;355;".";500;535;545;560;555;535;525;2,1;2,0;2,1;2,1;2,1;2,1;2,0;2,0;64;57;58;60;59;70;73;75;20,4;21,6;23,1;23,9;24,1;24,2;23,3;23,4
"Gijzenrooi";944;932;928;919;917;903;894;890;966;954;942;951;951;930;924;912;178;169;168;182;177;176;160;156;306;298;277;256;237;211;212;192;132;138;141;140;157;167;174;169;163;163;165;163;154;163;158;174;312;267;236;228;217;196;195;187;406;420;419;415;412;400;367;351;249;266;282;283;299;310;326;333;121;115;126;147;157;154;168;179;39;46;48;48;49;47;54;56;5;5;8;8;9;9;4;5;1627;1579;1556;1550;1547;1499;1456;1435;178;193;193;192;188;192;199;211;106;115;121;128;133;142;163;156;17;14;17;13;10;"x";17;10;13;"x";"x";"x";17;16;12;11;740;750;750;750;750;755;750;740;".";165;170;165;160;180;165;160;".";260;270;285;285;270;290;285;".";330;315;305;305;300;290;295;2,6;2,5;2,5;2,5;2,5;2,4;2,4;2,4;50;58;56;59;57;77;78;76;45,9;44,6;44,6;42,7;43,6;42,7;44,3;45,4
"Gildebuurt";844;863;861;862;929;876;892;898;748;757;741;779;789;779;789;780;80;85;72;87;89;80;84;83;109;112;104;94;112;79;80;108;454;468;503;512;554;559;557;509;224;231;208;223;242;235;268;280;145;139;119;128;138;122;129;138;134;141;147;150;129;138;138;149;199;192;192;189;189;179;161;143;163;165;171;168;173;169;165;174;79;82;82;82;84;84;88;84;6;7;6;10;9;11;11;10;1013;1014;1000;985;959;931;890;870;264;273;291;315;363;349;409;389;316;335;313;343;397;376;382;419;12;"x";"x";14;13;15;"x";14;14;14;14;11;16;14;16;19;1055;1070;1090;1080;1140;1130;1130;1135;".";700;715;685;720;730;725;730;".";265;275;285;300;285;290;290;".";110;100;120;115;115;120;115;1,5;1,5;1,5;1,5;1,5;1,5;1,5;1,5;57;61;59;52;56;63;65;66;7,1;8,4;7,8;8,5;7,4;7,3;7,5;7,8
"Grasrijk";2653;2688;2720;2789;2936;2990;2974;2967;2595;2619;2657;2744;2863;2848;2871;2852;1092;1083;1055;1018;1029;1015;977;941;560;600;645;717;757;786;818;827;443;421;411;446;494;441;423;404;1235;1210;1155;1149;1177;1178;1171;1159;973;1018;1077;1117;1165;1168;1150;1125;432;441;463;493;537;585;617;655;337;352;376;395;406;402;403;381;139;142;146;152;173;197;208;252;34;40;47;42;57;60;73;68;3;0;2;4;4;6;5;7;3874;3882;3812;3802;3805;3536;3330;3100;583;613;649;672;719;788;819;851;791;812;916;1059;1275;1514;1696;1868;98;82;78;90;76;86;75;65;16;12;14;17;14;15;22;17;2015;2010;2040;2115;2220;2245;2250;2245;".";485;495;520;525;545;550;540;".";540;530;560;600;585;570;585;".";990;1025;1040;1090;1115;1130;1125;2,6;2,6;2,6;2,6;2,6;2,6;2,6;2,6;62;56;49;54;60;70;76;81;34,2;34,6;36,0;36,3;36,6;36,9;37,0;38,5
"Hagenkamp";528;529;572;569;571;576;564;556;614;611;627;615;618;613;619;616;68;69;66;66;65;77;75;77;50;49;59;57;57;59;57;53;210;203;191;186;191;190;166;161;175;172;168;175;173;177;192;189;113;119;122;119;130;125;123;130;96;103;112;106;102;104;109;100;115;105;115;113;106;90;89;94;105;110;140;144;144;139;141;143;166;167;179;163;169;174;175;157;44;43;47;55;52;54;56;68;790;775;812;798;784;770;766;757;140;150;158;160;167;163;172;163;212;215;229;226;238;256;245;252;"x";"x";10;11;15;"x";10;11;38;38;39;39;34;38;45;55;720;760;805;785;790;750;745;740;".";520;550;530;525;505;495;495;".";155;165;170;170;150;155;145;".";90;90;90;95;95;100;100;1,5;1,5;1,5;1,5;1,5;1,5;1,5;1,5;64;61;61;62;70;69;71;75;3,8;3,6;3,5;4,1;4,1;4,3;4,1;4,8
"Hanevoet";1875;1877;1855;1826;1817;1803;1804;1784;1899;1865;1871;1883;1867;1881;1884;1862;406;387;371;365;358;346;343;325;461;479;470;474;475;466;471;458;339;323;330;320;322;352;364;359;509;468;423;406;410;421;415;434;558;566;581;575;543;526;524;508;527;540;549;541;551;540;525;532;542;513;510;504;486;478;476;466;316;333;356;391;407;417;425;415;101;116;118;122;121;118;127;135;15;17;18;11;11;20;18;14;2590;2573;2545;2488;2423;2357;2308;2210;569;546;534;552;552;545;532;533;615;623;647;669;709;782;848;903;35;26;27;25;30;34;20;29;31;30;29;31;30;24;35;32;1695;1695;1700;1700;1710;1720;1710;1700;".";605;610;615;635;640;620;620;".";485;495;505;505;510;490;485;".";605;600;585;570;570;600;590;2,2;2,2;2,2;2,2;2,2;2,1;2,2;2,1;45;53;52;56;53;50;57;66;15,5;14,4;14,8;15,5;15,1;15,2;15,8;15,7
"Heesterakker";1402;1380;1363;1350;1370;1346;1337;1319;1412;1396;1402;1372;1373;1337;1341;1323;308;290;284;277;291;271;273;266;372;364;349;344;324;312;301;306;235;229;243;221;240;243;258;241;301;296;291;281;292;272;290;287;471;447;429;408;402;383;361;338;452;462;453;470;472;475;458;454;412;397;402;395;375;355;348;349;201;222;241;251;260;278;290;304;59;64;68;68;79;87;95;90;4;5;5;7;8;7;4;7;2311;2274;2248;2199;2193;2133;2101;2043;326;324;319;321;327;312;317;333;178;178;198;202;223;238;260;266;19;23;22;22;24;23;27;30;11;13;15;21;18;24;22;19;1115;1105;1100;1100;1110;1090;1090;1080;".";215;210;220;225;220;210;220;".";425;430;435;425;430;435;430;".";470;465;450;460;440;445;440;2,5;2,5;2,5;2,5;2,5;2,5;2,5;2,4;52;49;51;48;54;57;60;64;33,3;32,7;32,0;31,1;30,1;28,1;26,8;27,8
"Hemelrijken";1852;1899;1973;2007;2073;2144;2215;2242;1457;1495;1588;1574;1614;1620;1655;1694;269;254;254;256;272;264;264;301;245;254;267;288;325;323;369;372;1030;1118;1249;1255;1290;1320;1277;1295;621;587;596;549;558;562;620;627;376;404;416;437;436;458;448;448;314;314;316;321;319;335;388;394;230;241;233;241;249;262;259;252;157;156;159;159;161;155;158;160;61;67;70;72;72;79;81;80;6;4;5;4;5;6;6;7;1553;1616;1705;1675;1650;1614;1540;1560;521;520;529;553;595;645;723;785;1235;1263;1331;1354;1442;1505;1607;1591;37;22;39;30;43;36;27;41;19;22;22;20;13;24;27;18;2055;2135;2260;2305;2380;2430;2500;2395;".";1400;1515;1570;1645;1675;1740;1610;".";415;420;390;375;400;390;395;".";325;330;345;355;355;375;385;1,6;1,6;1,6;1,6;1,5;1,5;1,5;1,6;51;53;58;55;57;56;56;66;5,4;5,3;5,0;5,2;4,6;5,0;5,3;5,6
"Herdgang";10;10;10;"x";"x";"x";"x";"x";"x";"x";"x";"x";"x";"x";"x";"x";0;0;0;0;0;0;0;0;7;8;7;5;4;4;4;3;0;0;0;1;2;2;2;3;0;0;0;0;0;0;0;0;3;4;3;3;1;0;0;0;2;2;2;2;4;6;6;6;1;1;0;0;0;0;0;0;1;1;2;2;2;2;2;2;0;0;0;0;0;0;0;0;0;0;0;0;0;0;0;0;"x";"x";"x";"x";"x";"x";"x";"x";"x";"x";"x";"x";"x";"x";"x";"x";"x";"x";"x";"x";"x";"x";"x";"x";"x";"x";"x";"x";"x";"x";"x";"x";"x";"x";"x";"x";"x";"x";"x";"x";"x";"x";"x";"x";"x";"x";"x";"x";".";"x";"x";"x";"x";"x";"x";"x";".";"x";"x";"x";"x";"x";"x";"x";".";"x";"x";"x";"x";"x";"x";"x";"";"";"";"";"";2,8;2,8;2,8;".";".";".";".";".";".";".";".";".";".";".";".";".";".";".";"."
"Het Ven";2019;2041;2098;2061;2050;2042;2018;1921;1989;2012;2041;2039;2027;2004;1914;1868;426;433;466;443;431;428;391;380;408;431;441;438;445;414;377;361;691;669;659;664;668;711;748;684;636;635;670;658;656;645;631;639;597;590;587;596;584;545;513;471;409;454;469;455;460;481;461;466;360;359;374;382;375;364;350;323;261;268;257;251;248;240;242;261;165;165;163;157;155;167;171;160;56;51;54;57;56;51;48;44;2779;2816;2860;2814;2771;2716;2603;2517;612;610;602;615;633;636;666;655;618;629;678;672;674;694;663;617;50;61;43;53;52;37;54;40;49;49;55;58;45;50;42;45;2075;2115;2120;2145;2100;2065;2060;1970;".";1080;1055;1075;1035;1000;1045;980;".";475;475;480;480;485;470;465;".";565;595;590;580;580;550;525;1,9;1,9;1,9;1,9;1,9;1,9;1,9;1,9;44;45;48;49;46;59;59;64;9,9;10,3;10,6;11,9;11,9;11,8;12,3;13,1
"Hondsheuvels";102;105;101;89;78;79;86;89;192;190;178;163;174;180;181;177;0;0;0;0;0;0;2;2;6;5;4;4;8;4;5;5;29;40;37;31;23;24;26;15;3;4;5;2;2;4;2;7;8;7;5;2;1;2;3;3;8;9;9;9;8;7;9;9;12;16;15;13;11;12;14;18;56;47;40;39;40;39;41;52;119;123;116;106;104;111;110;108;53;44;48;46;55;56;55;47;259;255;238;215;227;220;229;229;30;30;28;26;22;33;27;27;"x";10;13;11;"x";"x";11;10;"x";"x";"x";"x";"x";"x";"x";"x";41;38;47;38;46;47;60;51;115;130;130;115;115;110;110;105;".";95;95;85;85;75;75;65;".";40;35;35;30;30;30;35;".";"x";"x";"x";"x";"x";"x";"x";1,4;1,3;1,3;1,3;1,3;1,3;1,4;1,4;".";".";".";".";".";".";".";".";5,4;6,9;2,3;4,2;2,6;4,5;4,6;4,9
"Hurk";50;46;46;44;40;40;37;36;40;35;38;39;28;34;32;29;7;7;4;6;2;1;0;0;24;14;28;25;21;24;15;17;14;16;12;18;16;14;14;8;13;12;13;12;8;12;13;15;6;6;4;2;3;5;7;8;13;16;12;10;9;8;8;6;10;8;8;8;8;9;10;7;3;2;3;2;1;1;2;4;0;0;0;0;0;0;0;0;0;0;0;0;0;0;0;0;62;58;62;65;56;58;53;48;22;19;16;14;10;14;13;13;"x";"x";"x";"x";"x";"x";"x";"x";"x";"x";"x";"x";"x";"x";"x";"x";"x";"x";"x";"x";"x";"x";"x";"x";35;40;35;40;40;50;50;40;".";25;20;30;35;40;40;30;".";10;10;10;10;"x";10;10;".";10;10;10;"x";"x";"x";"x";2,0;1,7;1,7;1,5;1,5;1,4;1,4;1,5;".";".";".";".";".";".";".";".";".";".";".";".";".";".";".";"."
"Irisbuurt";1110;1133;1176;1210;1209;1269;1313;1323;896;893;971;953;950;985;1032;1092;166;159;181;177;178;187;183;193;149;164;160;155;172;161;163;171;456;476;524;541;502;582;610;620;425;415;444;454;456;457;493;504;279;277;286;272;283;272;291;297;246;245;244;243;236;257;258;267;149;153;166;178;183;196;200;201;86;81;84;82;92;84;91;106;44;48;54;54;51;50;48;49;7;9;5;8;6;8;8;7;1396;1440;1484;1477;1432;1473;1499;1514;306;299;332;336;336;366;398;449;305;288;332;351;391;415;448;452;25;30;18;29;28;20;26;28;10;"x";16;20;13;11;12;13;1175;1210;1260;1265;1255;1350;1375;1400;".";715;720;725;700;800;775;780;".";295;325;320;330;310;345;360;".";205;220;225;225;240;250;255;1,7;1,7;1,7;1,7;1,7;1,7;1,7;1,7;58;60;54;64;55;64;65;70;16,0;16,3;15,3;15,0;16,1;14,8;16,0;18,4
"Jagershoef";1636;1663;1675;1679;1669;1697;1683;1673;1880;1898;1888;1883;1864;1882;1844;1803;355;365;371;374;358;358;334;317;396;409;394;400;426;429;432;421;470;468;465;460;430;467;450;444;418;450;473;495;487;472;478;488;446;436;425;411;419;428;410;411;387;397;407;427;417;428;442;448;390;398;394;363;369;366;371;361;430;409;391;378;367;349;335;322;207;208;217;226;236;249;238;232;17;21;26;28;24;33;37;32;2129;2114;2114;2075;2011;2005;1952;1904;391;409;413;410;410;414;414;417;996;1038;1036;1077;1112;1160;1161;1155;35;37;35;30;42;22;36;33;23;38;28;41;31;37;46;42;1780;1800;1795;1805;1785;1805;1810;1795;".";800;795;815;800;805;825;825;".";485;480;460;455;435;430;425;".";520;530;530;535;565;555;540;2,0;2,0;2,0;2,0;2,0;2,0;1,9;1,9;34;40;44;43;39;49;50;58;6,3;4,9;5,4;5,8;5,7;5,6;5,5;5,0
"Joriskwartier";577;579;570;590;592;657;668;676;559;554;566;566;556;613;630;605;82;80;77;79;77;88;93;101;100;89;102;99;94;101;83;74;268;295;284;302;323;367;394;388;170;167;171;175;173;208;237;238;162;153;156;148;139;151;148;142;109;111;115;119;126;134;123;127;76;81;88;92;89;85;86;84;79;76;71;70;57;64;67;68;68;63;56;55;54;55;50;45;22;19;16;17;16;17;17;14;818;807;806;823;823;902;901;871;181;176;176;168;164;193;210;225;137;151;154;165;161;175;187;185;"x";12;"x";"x";16;17;19;21;10;12;12;"x";"x";10;"x";"x";710;700;710;725;735;790;800;795;".";430;435;445;450;470;470;480;".";170;165;165;170;210;215;195;".";110;115;125;110;115;120;120;1,6;1,6;1,6;1,6;1,6;1,6;1,6;1,6;67;54;55;60;60;67;68;75;10,5;9,3;10,5;11,5;11,8;14,2;14,6;15,3
"Kapelbeemd";52;53;55;52;49;54;55;56;48;51;53;49;55;55;58;54;11;11;11;11;12;16;15;13;17;20;18;17;17;15;16;16;10;11;13;12;12;13;16;15;10;9;9;8;7;11;10;11;12;16;17;15;16;17;18;16;29;24;26;23;23;17;17;17;7;9;10;11;12;15;15;15;2;2;3;2;2;2;3;5;2;2;1;2;3;3;2;2;0;0;0;0;0;0;1;0;93;96;100;94;97;102;104;99;"x";"x";"x";"x";"x";"x";"x";10;"x";"x";"x";"x";"x";"x";"x";"x";"x";"x";"x";"x";"x";"x";"x";"x";"x";"x";"x";"x";"x";"x";"x";"x";35;40;40;35;40;40;40;45;".";10;10;10;10;10;"x";15;".";10;10;10;10;10;10;"x";".";20;25;20;20;25;25;20;2,6;2,6;2,6;2,7;2,7;2,8;2,8;2,6;".";".";".";".";".";".";".";".";".";".";".";".";".";".";".";"."
"Karpen";210;206;204;203;205;216;217;222;230;226;222;220;217;238;238;236;17;19;20;18;17;31;32;35;56;53;49;48;49;50;55;49;19;19;16;17;15;21;21;30;9;6;6;10;15;21;22;25;36;34;35;33;38;43;42;45;88;89;90;92;88;91;88;77;97;84;80;69;64;59;58;72;70;74;77;84;83;87;84;75;41;48;46;49;51;47;46;45;7;6;7;3;2;4;7;5;358;352;350;346;338;354;353;364;63;59;55;52;56;64;56;51;19;21;21;25;28;36;46;43;"x";"x";"x";"x";"x";"x";"x";"x";"x";"x";"x";"x";"x";"x";"x";"x";195;190;200;195;195;205;200;205;".";45;55;45;50;55;45;55;".";95;100;105;100;90;90;85;".";55;50;50;50;55;60;60;2,2;2,3;2,1;2,2;2,2;2,3;2,3;2,3;60;66;59;70;70;77;79;82;75,4;74,6;73,5;74,6;74,6;71,4;71,8;72,1
"Kerkdorp Acht";1762;1754;1769;1771;1751;1750;1780;1759;1741;1745;1730;1746;1729;1744;1767;1779;241;242;256;252;243;254;255;265;460;443;412;416;433;401;424;426;295;301;321;319;300;329;325;316;238;243;236;253;253;259;279;298;496;463;454;430;423;400;420;398;764;763;746;727;689;676;641;626;539;563;566;589;577;581;592;577;285;291;325;341;368;395;393;411;148;156;155;154;157;163;180;182;37;34;28;36;37;36;38;39;3037;3015;2965;2952;2908;2881;2862;2801;343;337;363;371;368;378;405;412;123;147;171;194;204;235;280;325;16;20;19;22;25;13;20;17;29;41;38;35;42;36;36;43;1475;1495;1505;1540;1510;1500;1490;1490;".";365;380;420;385;380;355;370;".";605;590;605;595;590;585;575;".";535;540;520;530;530;555;540;2,3;2,3;2,3;2,3;2,3;2,3;2,4;2,4;53;56;58;56;58;63;69;71;39,3;38,3;37,9;36,6;37,0;36,6;38,2;37,5
"Kerstroosplein";1012;1027;1019;1003;999;1005;974;980;922;937;923;919;885;868;855;875;192;200;190;182;176;168;166;163;230;236;205;191;180;192;178;182;390;395;423;424;401;395;377;388;334;326;328;323;323;313;314;315;279;288;276;268;270;270;266;269;231;247;246;255;263;256;255;243;152;153;157;152;157;163;161;179;89;88;82;90;83;87;81;75;28;26;33;33;26;25;26;37;9;6;3;4;5;4;5;4;1189;1223;1195;1184;1161;1120;1086;1080;290;290;289;287;284;300;307;317;455;452;459;451;439;453;436;458;26;20;17;21;13;19;15;20;12;"x";"x";13;"x";"x";"x";"x";1085;1095;1110;1105;1075;1055;1045;1035;".";590;625;625;590;555;565;545;".";225;205;195;190;215;210;205;".";285;280;290;290;285;275;285;1,8;1,8;1,8;1,7;1,8;1,8;1,8;1,8;43;56;45;46;47;60;64;69;6,6;7,0;6,4;6,7;6,8;8,0;7,8;8,8
"Koudenhoven";247;253;244;244;249;251;258;258;241;244;245;249;251;250;258;252;40;44;46;42;39;38;46;52;40;37;34;41;51;57;59;65;21;27;29;28;27;22;24;15;25;33;28;25;29;32;35;37;62;62;55;59;68;69;72;76;77;74;83;84;85;80;78;67;100;100;89;85;78;73;77;76;77;72;75;77;80;81;79;82;45;46;46;47;37;43;38;36;1;2;4;5;6;6;8;4;412;414;404;410;409;415;421;414;56;58;59;63;62;56;61;61;20;25;26;20;29;30;34;35;"x";"x";"x";"x";"x";"x";"x";"x";"x";"x";"x";"x";"x";"x";"x";"x";220;220;220;220;220;215;215;215;".";45;50;55;50;45;40;45;".";115;110;105;105;105;110;95;".";65;60;65;65;70;70;75;2,2;2,2;2,2;2,2;2,3;2,3;2,4;2,4;60;66;59;70;70;77;79;82;56,2;53,9;52,3;51,1;50,9;50,7;53,0;46,9
"Kronehoef";1919;1920;1942;1995;2069;2074;2085;2170;2066;2055;2047;2045;2074;2033;2097;2108;305;313;300;302;284;287;275;289;320;331;326;323;320;324;323;322;646;660;725;746;807;799;801;844;547;513;491;518;555;556;580;645;429;441;419;409;415;397;399;391;354;362;381;401;405;417;431;437;349;339;331;330;340;339;345;362;381;370;374;377;371;348;360;352;495;495;481;469;465;470;492;461;159;151;161;165;181;170;176;175;2579;2531;2511;2538;2562;2473;2485;2478;543;566;588;599;618;635;665;685;863;878;890;903;963;999;1032;1115;42;43;41;29;42;33;22;45;100;100;96;90;112;110;142;110;2260;2315;2375;2385;2495;2470;2465;2525;".";1375;1455;1440;1555;1540;1520;1540;".";540;515;545;545;535;555;575;".";405;410;405;395;395;400;410;1,7;1,7;1,6;1,7;1,6;1,6;1,6;1,6;37;40;36;42;49;43;43;62;10,0;9,6;8,0;8,4;8,3;8,1;8,2;8,8
"Kruidenbuurt";1348;1346;1330;1332;1287;1482;1532;1562;1288;1279;1300;1281;1284;1488;1535;1566;345;333;348;333;318;431;439;436;265;257;249;260;268;314;340;343;421;431;432;426;384;462;498;509;510;485;467;444;438;524;538;565;396;402;408;404;417;457;462;458;333;330;328;336;331;354;354;364;244;256;259;260;260;257;252;262;93;101;98;111;121;138;149;148;27;25;33;30;29;29;32;41;2;5;8;9;5;4;3;2;1750;1727;1713;1705;1629;1754;1779;1813;363;356;385;391;419;472;496;494;523;542;532;517;523;744;792;821;29;34;32;31;41;45;43;58;13;17;"x";11;12;16;14;18;1310;1315;1305;1305;1315;1440;1475;1500;".";600;585;590;610;615;620;630;".";295;300;300;300;320;325;335;".";420;425;425;405;505;525;535;2,0;2,0;2,0;2,0;2,0;2,1;2,1;2,1;43;51;54;59;58;64;69;68;14,0;13,8;14,7;15,3;15,0;14,0;15,6;17,2
"Lakerlopen";1664;1709;1785;1796;1803;1767;1758;1695;1525;1563;1572;1545;1526;1525;1542;1524;296;337;340;319;322;301;290;267;287;278;273;271;272;253;248;244;802;827;866;866;833;839;835;794;622;624;641;647;646;644;634;612;383;408;425;425;451;440;456;451;276;276;278;277;270;286;308;314;249;252;260;250;251;242;228;234;192;192;192;194;186;185;195;198;75;77;78;87;93;98;102;99;7;4;4;5;5;4;4;6;1779;1807;1830;1827;1788;1737;1680;1607;466;505;540;519;540;557;602;600;944;963;987;995;1001;998;1018;1012;47;46;34;48;30;31;36;31;19;22;18;17;18;22;28;26;1760;1785;1835;1845;1830;1820;1805;1790;".";970;1005;1025;1000;1005;970;975;".";415;420;420;420;410;440;420;".";410;410;400;405;405;400;395;1,8;1,8;1,8;1,8;1,8;1,8;1,8;1,8;44;47;50;53;52;53;56;63;9,3;9,0;9,2;10,1;10,6;9,9;10,1;10,6
"Leenderheide";"x";"x";"x";"x";"x";"x";"x";"x";"x";"x";"x";"x";"x";"x";"x";"x";"x";"x";"x";"x";"x";"x";"x";"x";"x";"x";"x";"x";"x";"x";"x";"x";"x";"x";"x";"x";"x";"x";"x";"x";"x";"x";"x";"x";"x";"x";"x";"x";"x";"x";"x";"x";"x";"x";"x";"x";"x";"x";"x";"x";"x";"x";"x";"x";"x";"x";"x";"x";"x";"x";"x";"x";"x";"x";"x";"x";"x";"x";"x";"x";"x";"x";"x";"x";"x";"x";"x";"x";"x";"x";"x";"x";"x";"x";"x";"x";"x";"x";"x";"x";"x";"x";"x";"x";"x";"x";"x";"x";"x";"x";"x";"x";"x";"x";"x";"x";"x";"x";"x";"x";"x";"x";"x";"x";"x";"x";"x";"x";"x";"x";"x";"x";"x";"x";"x";"x";"x";"x";"x";"x";"x";"x";"x";"x";".";"x";"x";"x";"x";"x";"x";"x";".";"x";"x";"x";"x";"x";"x";"x";".";"x";"x";"x";"x";"x";"x";"x";"";"";"";"";"";"-";"-";"";".";".";".";".";".";".";".";".";".";".";".";".";".";".";".";"."
"Lievendaal";1609;1624;1633;1639;1630;1629;1641;1628;1496;1499;1545;1550;1545;1522;1516;1510;376;372;383;367;369;346;335;316;272;285;291;297;304;311;342;336;416;400;413;426;426;426;422;408;609;624;633;622;595;579;546;529;433;447;459;455;459;458;497;518;365;362;371;373;378;392;396;394;325;329;337;341;333;324;312;322;199;197;197;204;214;215;216;220;95;86;78;87;83;85;83;86;15;22;16;17;14;15;8;9;2108;2128;2143;2118;2069;2031;1981;1932;457;446;458;489;496;504;508;508;540;550;577;582;610;616;668;698;39;38;38;30;31;35;35;33;26;29;16;20;25;20;19;25;1555;1530;1550;1565;1580;1585;1575;1555;".";645;675;690;695;725;700;675;".";420;405;395;390;390;380;395;".";470;480;485;485;475;490;485;2,0;2,0;2,0;2,0;2,0;2,0;2,0;2,0;50;51;47;40;39;53;55;61;10,0;10,5;10,0;10,3;10,1;10,7;11,2;12,6
"Limbeek-Noord";1440;1427;1462;1449;1432;1462;1468;1470;918;954;977;974;970;924;995;958;118;111;115;111;109;96;126;118;114;160;150;145;195;196;186;177;994;956;1021;1016;975;965;1004;1008;505;506;489;469;469;492;488;466;233;252;260;267;251;240;262;267;153;153;159;162;156;160;169;169;132;139;144;143;135;128;122;120;81;79;81;81;82;78;68;68;29;33;28;30;24;28;34;32;2;2;1;3;6;4;4;3;1171;1179;1130;1130;1063;1043;1063;1049;534;541;600;609;636;633;628;637;656;671;718;688;703;711;772;742;17;18;20;20;11;23;28;22;"x";"x";"x";10;"x";"x";14;"x";1755;1775;1820;1775;1800;1795;1825;1770;".";1335;1375;1320;1380;1370;1360;1300;".";300;300;315;285;295;315;325;".";140;145;145;140;130;155;150;1,3;1,3;1,3;1,4;1,3;1,3;1,3;1,4;57;61;59;52;56;63;65;58;4,7;4,8;4,1;4,9;4,6;4,0;4,1;4,4
"Limbeek-Zuid";699;687;776;770;746;750;749;729;626;615;667;683;668;664;656;657;121;116;127;130;120;122;111;101;130;116;130;133;131;125;130;133;230;220;322;306;295;277;270;267;236;234;238;236;215;232;225;223;189;191;180;184;174;171;168;157;224;216;223;225;227;218;215;201;133;142;149;161;173;189;198;206;44;48;51;55;59;63;72;82;17;17;21;22;19;16;16;16;1;2;2;1;1;1;0;0;769;751;768;788;730;709;703;680;160;159;202;196;195;204;200;205;396;392;473;469;489;501;502;501;"x";19;11;15;11;11;"x";"x";"x";"x";"x";"x";"x";"x";10;10;725;720;825;825;815;820;805;815;".";395;475;470;475;480;455;475;".";150;160;170;160;160;170;165;".";180;190;195;180;180;185;175;1,8;1,8;1,7;1,8;1,7;1,7;1,7;1,7;57;61;59;52;56;63;65;58;9,2;8,3;8,2;8,7;8,2;6,5;7,8;7,0
"Looiakkers";275;273;284;269;275;298;299;353;226;232;251;250;271;278;272;314;28;31;33;36;34;28;20;22;30;27;37;32;37;35;35;32;184;182;216;209;213;223;240;246;106;104;92;87;98;121;115;117;40;41;49;49;57;61;57;68;46;49;44;43;38;40;38;50;30;34;36;40;47;45;42;59;20;21;17;13;14;16;17;55;16;13;9;8;8;6;6;12;1;3;2;2;0;1;1;6;384;382;400;397;413;424;419;495;63;69;87;78;82;80;77;111;54;54;48;44;51;72;75;61;"x";"x";"x";"x";"x";"x";"x";"x";"x";"x";"x";"x";"x";"x";"x";"x";345;350;385;370;380;410;400;440;".";255;295;280;270;290;285;280;".";65;55;55;60;75;80;125;".";35;45;40;40;40;35;35;1,4;1,4;1,4;1,4;1,4;1,4;1,4;1,5;67;54;55;60;60;67;68;75;11,4;11,8;8,9;11,9;11,9;13,0;12,9;14,9
"Luytelaer";464;465;460;476;479;468;473;477;457;463;467;474;490;480;469;472;50;47;55;60;74;74;69;70;88;88;79;92;87;82;84;89;36;44;54;54;61;59;55;58;48;50;53;55;64;58;67;60;96;90;85;93;105;100;97;99;144;152;147;138;133;125;121;131;167;155;153;161;142;144;146;142;195;193;188;171;175;165;161;156;92;104;104;114;118;133;131;134;5;5;9;12;10;8;11;10;766;766;766;787;804;776;776;770;103;105;105;106;108;118;107;113;52;57;56;57;57;54;59;66;"x";"x";"x";"x";"x";"x";"x";10;11;14;"x";"x";"x";"x";14;13;430;435;425;420;430;430;425;420;".";120;110;100;100;110;105;90;".";215;205;210;200;200;195;195;".";105;115;115;125;120;125;135;2,1;2,1;2,2;2,2;2,2;2,2;2,2;2,2;38;42;35;42;57;61;61;72;50,0;47,5;46,2;50,2;49,5;48,5;46,2;46,4
"Meerbos";25;25;27;26;26;24;24;26;22;22;21;21;20;23;23;24;6;6;6;6;4;5;4;4;6;6;6;6;7;7;7;7;4;3;3;3;1;2;3;3;11;12;11;8;10;7;7;6;3;3;4;5;5;8;6;8;11;9;10;11;9;7;6;8;6;7;5;5;7;7;9;8;0;1;3;3;3;4;5;6;0;0;0;0;0;0;0;0;0;0;0;0;0;0;0;0;45;45;46;45;44;45;45;46;"x";"x";"x";"x";"x";"x";"x";"x";"x";"x";"x";"x";"x";"x";"x";"x";"x";"x";"x";"x";"x";"x";"x";"x";"x";"x";"x";"x";"x";"x";"x";"x";15;15;15;15;20;20;20;20;".";"x";"x";"x";"x";"x";"x";"x";".";"x";10;10;"x";"x";10;10;".";10;10;10;"x";"x";10;10;2,5;2,5;2,5;2,5;2,4;2,5;2,5;2,3;".";".";".";".";".";".";".";".";".";".";".";".";".";".";".";"."
"Meerrijk";170;223;291;304;295;385;363;444;158;196;255;265;262;312;307;358;17;28;42;43;37;54;50;66;8;10;15;16;11;20;19;22;148;157;162;146;137;144;125;146;43;81;124;137;143;190;193;197;25;27;47;46;37;54;54;57;34;52;63;75;67;74;58;69;38;37;55;58;64;88;94;124;15;26;35;44;57;66;67;106;0;1;3;4;4;7;10;14;0;0;0;0;0;0;0;1;246;309;378;384;376;462;428;520;41;52;74;80;76;89;87;109;41;58;94;105;105;146;155;173;"x";"x";"x";12;"x";12;13;13;"x";"x";"x";"x";"x";"x";"x";"x";195;240;315;325;325;400;385;440;".";100;135;140;140;165;165;170;".";115;130;135;145;170;170;200;".";35;50;50;40;55;55;70;1,7;1,7;1,7;1,7;1,7;1,8;1,7;1,8;59;49;47;53;59;65;69;78;12,3;12,3;13,1;16,6;17,1;18,3;19,5;19,3
"Mensfort";1592;1606;1613;1590;1603;1595;1623;1615;1478;1475;1483;1491;1467;1473;1473;1461;294;292;282;270;278;271;283;285;271;287;290;306;307;276;268;267;591;565;575;581;562;600;603;567;501;512;505;459;481;492;528;566;401;398;408;411;409;399;374;347;339;349;337;360;357;374;358;366;308;312;338;327;308;300;306;300;227;229;219;231;231;217;245;242;129;126;131;122;120;128;118;124;9;11;11;14;17;11;13;12;1745;1711;1737;1713;1697;1652;1624;1569;368;382;366;389;386;392;422;461;957;988;993;979;987;1024;1050;1046;40;39;41;34;23;39;32;30;21;23;25;33;36;18;27;35;1660;1680;1700;1690;1675;1685;1705;1685;".";870;900;890;885;905;910;895;".";395;385;390;385;385;395;405;".";420;420;410;405;395;400;395;1,8;1,8;1,8;1,8;1,8;1,8;1,8;1,8;47;40;40;50;50;59;60;63;5,4;5,8;5,2;5,6;5,7;6,4;6,8;6,3
"Mispelhoef";12;12;15;13;14;14;14;14;16;15;17;11;12;11;11;11;1;3;3;3;3;3;3;3;2;3;2;3;2;1;1;1;4;4;5;3;4;3;2;4;6;3;4;3;3;4;3;2;5;4;6;2;2;2;3;2;2;1;3;2;3;3;4;3;7;8;7;5;4;3;3;3;0;0;1;3;5;6;6;7;0;0;0;0;0;0;0;0;1;1;1;0;0;0;0;0;17;19;19;21;23;22;22;22;10;"x";"x";"x";"x";"x";"x";"x";"x";"x";"x";"x";"x";"x";"x";"x";"x";"x";"x";"x";"x";"x";"x";"x";"x";"x";"x";"x";"x";"x";"x";"x";15;15;15;10;15;10;10;10;".";10;10;"x";"x";"x";"x";"x";".";"x";"x";"x";"x";"x";"x";"x";".";"x";"x";"x";"x";"x";"x";"x";1,6;1,8;1,8;2,2;2,2;2,5;2,5;2,1;".";".";".";".";".";".";".";".";".";".";".";".";".";".";".";"."
"Muschberg, Geestenberg";2096;2126;2108;2096;2050;2042;2056;2055;1957;1954;1951;1958;1968;1941;1939;1893;452;442;429;425;398;359;364;320;390;385;393;412;418;410;406;432;601;639;617;588;583;623;631;611;621;605;600;586;562;563;583;567;580;584;589;576;579;559;543;532;463;477;477;507;503;488;483;514;583;563;543;510;488;473;454;427;269;284;306;344;381;392;408;423;82;90;95;96;96;102;108;109;12;11;10;10;10;14;15;13;2796;2780;2753;2709;2678;2614;2607;2526;509;523;510;525;546;524;518;545;748;777;796;820;794;845;870;877;51;32;41;29;26;34;25;24;28;26;34;21;27;36;38;33;2080;2085;2090;2075;2075;2075;2080;2070;".";935;945;925;935;945;965;990;".";585;585;590;580;580;560;530;".";565;565;565;555;555;555;555;1,9;2,0;1,9;1,9;1,9;1,9;1,9;1,9;52;53;52;54;52;54;61;62;10,5;10,2;10,1;9,1;8,8;9,4;9,3;9,3
"Nieuwe Erven";599;582;575;559;602;583;568;545;515;504;477;473;529;535;531;528;89;87;81;74;76;80;79;79;77;94;95;90;105;96;101;95;298;275;267;273;321;300;271;261;227;208;188;169;188;191;193;184;142;138;131;131;136;146;142;140;111;106;118;115;102;92;105;109;85;96;93;95;103;103;98;91;63;55;54;55;63;68;67;70;21;24;23;27;32;36;38;37;1;3;4;4;5;6;5;7;762;721;693;689;773;753;721;697;176;183;174;172;161;161;158;160;176;182;187;172;197;204;220;216;"x";"x";11;"x";10;13;"x";11;"x";"x";"x";"x";"x";"x";"x";"x";705;685;685;660;730;695;690;650;".";440;465;435;470;430;435;390;".";140;120;120;145;145;140;145;".";110;105;105;115;115;115;115;1,6;1,6;1,5;1,6;1,6;1,6;1,6;1,6;58;60;54;64;55;64;65;70;5,3;5,1;5,3;5,9;5,6;6,3;6,6;7,0
"Ooievaarsnest";438;447;450;451;467;450;451;460;439;441;452;451;448;444;442;460;76;80;79;83;90;92;78;83;114;110;119;111;125;121;126;129;58;60;63;63;56;38;47;46;53;70;75;83;77;70;69;70;115;115;111;106;124;129;126;125;148;127;117;128;122;113;116;122;194;190;191;170;151;145;140;140;94;104;111;122;135;144;140;146;24;30;33;34;35;40;46;53;1;2;3;2;0;2;5;6;670;670;673;659;668;642;636;648;125;128;134;136;128;133;140;139;82;90;95;107;119;119;117;133;"x";"x";"x";"x";"x";"x";10;"x";"x";"x";"x";"x";"x";"x";"x";"x";360;365;375;375;370;365;360;370;".";75;80;85;85;75;75;75;".";160;160;160;145;150;155;155;".";135;135;135;145;135;135;140;2,4;2,4;2,4;2,4;2,5;2,4;2,5;2,5;45;53;52;56;53;50;57;66;49,6;45,5;46,1;47,2;49,9;47,7;45,8;47,6
"Oude Gracht-Oost";635;642;641;647;651;648;658;665;663;670;675;671;663;673;678;669;136;137;138;139;128;131;139;135;181;187;178;176;176;183;178;187;88;86;98;100;99;93;103;103;89;99;97;101;106;110;113;121;201;194;195;181;171;159;167;163;206;214;209;219;221;224;208;204;167;168;173;181;185;177;185;180;134;133;123;113;122;133;132;136;86;86;98;100;94;94;93;85;10;8;7;8;12;17;18;20;1080;1074;1049;1054;1053;1050;1058;1048;140;148;164;160;159;158;162;166;78;90;103;104;102;113;116;120;10;"x";11;"x";12;"x";14;10;10;"x";14;10;"x";12;"x";"x";565;565;570;565;575;575;570;570;".";170;175;170;170;160;160;165;".";185;180;180;195;200;195;195;".";215;215;220;210;210;215;205;2,3;2,3;2,3;2,3;2,3;2,3;2,3;2,3;46;52;51;50;57;60;65;73;43,2;42,8;39,5;39,1;39,4;40,8;37,8;37,2
"Oude Gracht-West";1370;1389;1383;1403;1455;1445;1449;1444;1399;1396;1357;1349;1392;1393;1411;1397;240;237;242;233;260;255;242;235;195;203;204;214;241;230;249;223;448;449;427;425;451;482;504;496;410;442;428;440;460;451;457;488;358;345;352;337;355;353;354;346;274;283;284;287;289;299;314;325;327;311;298;284;267;265;252;253;337;319;306;317;303;286;273;258;170;184;182;189;197;190;190;192;10;13;17;26;24;27;25;25;2030;2018;1957;1936;1953;1906;1858;1782;329;353;362;372;388;397;423;446;410;415;421;444;506;535;579;613;30;35;28;30;29;27;22;36;25;28;17;39;27;28;30;33;1580;1600;1560;1550;1620;1625;1635;1625;".";855;820;805;870;875;885;880;".";445;430;445;420;420;410;410;".";305;310;310;335;330;335;335;1,8;1,7;1,8;1,8;1,8;1,7;1,7;1,7;46;52;51;50;57;60;65;73;8,7;8,5;8,2;8,4;8,3;8,1;8,4;8,7
"Oude Spoorbaan";1048;1033;1054;1095;1111;1117;1143;1126;871;873;888;948;943;946;945;1008;131;128;136;140;131;143;132;137;139;149;146;133;137;125;123;134;513;514;529;619;603;628;666;642;401;376;382;386;398;387;383;429;261;261;260;260;272;261;250;237;212;219;231;231;238;238;243;246;170;166;158;163;159;169;165;172;69;71;80;87;92;92;101;104;19;19;18;22;22;19;21;29;4;4;3;3;2;2;4;4;1259;1252;1261;1291;1238;1215;1194;1205;319;310;313;353;372;403;421;437;341;345;369;400;444;446;473;492;22;19;22;13;25;12;18;15;12;"x";"x";"x";12;"x";"x";"x";1210;1180;1210;1285;1285;1305;1335;1355;".";735;750;805;785;815;835;830;".";250;260;275;300;300;310;325;".";205;205;215;200;190;190;195;1,6;1,6;1,6;1,6;1,6;1,6;1,6;1,6;64;61;61;62;70;69;71;75;12,7;12,5;12,5;11,1;11,9;12,0;11,5;12,0
"Oude Toren";744;813;831;861;862;859;856;870;757;790;795;806;811;785;772;779;99;100;95;107;106;98;91;96;48;73;67;63;61;69;60;69;188;269;322;340;329;321;323;323;159;154;147;158;172;178;189;179;147;160;156;151;152;131;134;134;157;146;151;166;168;178;171;185;275;258;239;227;217;199;187;187;296;296;286;291;293;285;283;291;117;127;144;145;156;164;171;164;15;20;19;20;19;21;19;21;1056;1134;1116;1137;1118;1087;1067;1044;223;230;227;243;245;256;233;247;222;239;283;288;310;301;328;358;16;11;12;13;"x";10;10;10;21;21;24;16;26;24;21;34;935;1035;1070;1110;1095;1075;1075;1065;".";625;665;705;675;660;670;655;".";300;300;290;295;290;285;280;".";110;105;120;125;115;120;130;1,6;1,5;1,5;1,5;1,5;1,5;1,5;1,5;54;47;51;46;51;58;59;63;7,6;8,0;7,5;7,0;7,8;7,2;6,7;7,2
"Park Forum";"x";10;"x";10;13;13;12;14;"x";"x";"x";"x";"x";"x";"x";"x";5;5;3;2;2;3;3;2;2;2;4;4;6;6;5;7;0;0;0;0;1;1;1;1;3;3;3;4;4;4;4;4;4;4;3;2;3;2;2;5;0;2;1;1;1;3;3;4;1;1;2;2;2;1;1;0;0;0;0;0;0;0;0;0;0;0;0;0;0;0;0;0;0;0;0;0;0;0;0;0;11;13;13;12;19;20;19;21;"x";"x";"x";"x";"x";"x";"x";"x";"x";"x";"x";"x";"x";"x";"x";"x";"x";"x";"x";"x";"x";"x";"x";"x";"x";"x";"x";"x";"x";"x";"x";"x";"x";"x";"x";"x";10;"x";"x";10;".";"x";"x";"x";"x";"x";"x";"x";".";"x";"x";"x";"x";"x";"x";"x";".";"x";"x";"x";"x";"x";"x";"x";"-";2,8;3,2;2,5;2,7;3,3;3,2;2,9;".";".";".";".";".";".";".";".";".";".";".";".";".";".";".";"."
"Philipsdorp";1567;1642;1585;1603;1624;1625;1630;1615;1387;1412;1419;1443;1437;1490;1469;1451;166;204;181;180;187;189;177;182;196;184;181;192;197;195;172;153;1017;1029;972;917;907;908;901;893;543;570;596;638;650;669;651;654;339;347;343;371;344;349;370;363;277;305;317;318;343;344;349;340;196;200;206;216;221;249;258;261;124;123;116;120;122;120;137;136;79;78;72;75;73;77;71;68;17;14;20;19;17;15;13;16;2062;2114;2090;2134;2123;2137;2106;2063;473;489;505;506;519;544;543;547;419;451;409;406;419;434;450;456;36;29;38;35;28;42;39;26;31;39;26;42;31;37;37;39;1805;1860;1835;1855;1885;1935;1950;1930;".";1085;1050;1045;1075;1105;1155;1140;".";500;520;535;525;530;505;505;".";285;275;280;285;290;290;280;1,6;1,6;1,6;1,6;1,6;1,6;1,6;1,6;63;59;61;65;61;67;69;75;14,0;13,4;14,8;14,4;13,6;13,5;13,2;13,4
"Poeijers";"x";"x";"x";"x";"x";"x";"x";"x";"x";"x";"x";"x";"x";"x";"x";"x";"x";"x";"x";"x";"x";"x";"x";"x";"x";"x";"x";"x";"x";"x";"x";"x";"x";"x";"x";"x";"x";"x";"x";"x";"x";"x";"x";"x";"x";"x";"x";"x";"x";"x";"x";"x";"x";"x";"x";"x";"x";"x";"x";"x";"x";"x";"x";"x";"x";"x";"x";"x";"x";"x";"x";"x";"x";"x";"x";"x";"x";"x";"x";"x";"x";"x";"x";"x";"x";"x";"x";"x";"x";"x";"x";"x";"x";"x";"x";"x";"x";"x";"x";"x";"x";"x";"x";"x";"x";"x";"x";"x";"x";"x";"x";"x";"x";"x";"x";"x";"x";"x";"x";"x";"x";"x";"x";"x";"x";"x";"x";"x";"x";"x";"x";"x";"x";"x";"x";"x";"x";"x";"x";"x";"x";"x";"x";"x";".";"x";"x";"x";"x";"x";"x";"x";".";"x";"x";"x";"x";"x";"x";"x";".";"x";"x";"x";"x";"x";"x";"x";"";"";"";"";"";"-";"-";"-";".";".";".";".";".";".";".";".";".";".";".";".";".";".";".";"."
"Prinsejagt";2318;2365;2350;2385;2338;2352;2398;2395;2296;2334;2330;2351;2318;2346;2344;2312;469;476;466;465;430;415;419;405;441;433;440;446;447;458;444;435;722;748;717;693;664;707;725;701;601;608;633;629;622;615;633;642;574;565;548;546;531;539;547;559;547;571;570;593;599;601;601;602;454;468;464;468;466;448;465;485;437;454;455;497;484;476;469;455;333;344;346;358;367;384;371;356;36;32;41;41;46;55;68;67;3420;3479;3404;3418;3344;3293;3285;3208;521;518;545;564;581;624;653;702;673;702;731;754;731;781;804;797;47;35;50;45;44;43;48;40;60;51;52;57;47;53;65;51;2320;2440;2405;2440;2410;2450;2495;2500;".";1150;1125;1135;1130;1170;1200;1230;".";675;655;670;665;650;655;645;".";620;635;640;615;635;645;625;2,0;1,9;1,9;1,9;1,9;1,9;1,9;1,9;53;59;55;57;54;59;61;72;12,7;11,8;12,7;12,6;12,7;12,6;12,4;11,9
"Puttense Dreef";604;631;649;655;656;663;653;665;554;578;589;577;591;578;593;598;135;140;136;129;138;138;144;149;135;140;149;149;153;151;148;168;113;127;132;131;129;137;129;121;156;172;173;179;182;168;185;176;201;198;206;198;188;199;178;185;178;179;186;195;198;196;202;201;128;145;148;144;153;148;149;149;65;63;66;68;69;72;79;85;39;40;36;34;31;28;26;22;8;7;7;5;6;4;6;7;881;912;912;899;905;899;905;925;166;189;208;205;214;195;190;181;111;110;119;128;128;147;151;157;11;17;11;19;13;19;14;19;"x";"x";"x";"x";"x";"x";"x";"x";500;525;540;520;530;535;530;535;".";160;175;150;160;175;150;160;".";180;175;175;175;170;170;170;".";190;200;205;200;195;205;205;2,3;2,3;2,3;2,3;2,3;2,3;2,4;2,4;50;58;56;59;57;77;78;76;37,5;37,3;35,8;38,4;37,0;36,3;35,3;35,6
"Rapelenburg";363;364;380;372;441;438;573;571;363;362;347;353;413;429;560;543;65;72;70;71;85;91;97;100;67;74;87;80;87;85;79;75;111;104;99;115;152;156;375;350;108;109;105;94;143;161;210;220;103;98;92;85;93;88;87;99;114;110;106;115;120;118;114;106;80;83;87;89;95;88;89;96;36;36;32;34;41;45;46;44;36;35;39;28;24;24;21;16;6;6;11;14;14;11;15;8;552;551;558;567;635;640;787;770;117;116;97;98;122;129;197;196;57;60;73;60;97;98;149;148;16;"x";11;12;"x";"x";10;19;18;13;14;16;19;13;16;"x";375;370;375;370;430;420;640;640;".";185;200;190;195;180;360;360;".";90;85;90;115;115;150;145;".";100;100;95;115;125;130;135;1,9;1,9;1,9;1,9;1,9;2,0;1,7;1,7;42;52;47;52;58;66;68;68;19,3;19,2;18,6;18,3;23,9;24,7;17,5;16,6
"Rapenland";1223;1230;1246;1255;1239;1262;1275;1261;1109;1098;1097;1088;1103;1081;1096;1088;222;234;216;205;189;186;199;198;232;231;238;234;265;244;232;229;585;557;568;605;594;627;683;660;427;424;423;402;394;398;383;368;284;290;286;281;283;282;271;278;248;251;268;266;252;241;240;252;169;170;177;176;186;181;181;178;116;110;107;117;120;125;124;130;46;57;53;51;50;50;53;52;3;4;8;7;9;9;5;4;1215;1195;1172;1149;1096;1072;1037;1019;295;291;306;299;327;347;376;370;822;842;866;896;919;924;958;960;32;26;17;27;19;22;18;17;"x";11;14;"x";15;15;"x";"x";1250;1250;1270;1285;1295;1305;1315;1315;".";680;710;735;730;750;755;755;".";260;265;260;265;255;240;250;".";315;305;295;300;305;320;310;1,9;1,9;1,8;1,8;1,8;1,8;1,8;1,8;47;40;40;50;50;59;60;63;8,4;7,3;7,9;8,1;8,6;8,0;7,9;8,3
"Riel";57;60;55;60;59;61;69;66;58;62;60;64;66;62;68;65;7;8;6;9;7;7;9;8;15;16;15;17;16;16;20;20;10;8;8;9;12;9;9;10;5;9;7;9;6;8;10;8;26;27;23;19;17;14;19;16;21;21;24;27;30;30;30;30;20;21;20;20;20;22;21;18;6;7;8;9;9;10;12;13;5;5;4;3;5;5;5;6;0;0;0;2;3;2;2;2;102;111;103;108;109;109;121;116;12;10;10;10;10;10;11;11;"x";"x";"x";"x";"x";"x";"x";"x";"x";"x";"x";"x";"x";"x";"x";"x";"x";"x";"x";"x";"x";"x";"x";"x";45;45;45;45;50;50;55;55;".";10;10;10;10;10;10;10;".";20;25;25;20;25;20;20;".";20;15;20;20;20;25;20;2,4;2,5;2,4;2,5;2,5;2,4;2,6;2,5;".";".";".";".";".";".";".";".";".";".";".";".";".";".";".";"."
"Rochusbuurt";901;920;927;951;959;958;969;954;785;778;793;792;789;818;809;793;86;87;100;103;99;98;106;100;118;136;121;109;115;117;117;117;755;758;758;775;746;752;712;685;266;269;293;293;323;330;347;353;173;152;135;149;141;152;169;156;124;134;138;136;146;147;140;148;106;110;118;123;108;101;104;104;35;32;36;36;52;60;64;67;20;20;18;15;16;17;17;14;3;3;5;5;4;3;2;3;1145;1157;1138;1154;1150;1136;1093;1062;320;308;317;332;323;355;377;380;221;236;267;258;277;286;308;305;13;19;13;13;10;15;22;18;"x";"x";"x";"x";"x";"x";"x";"x";1195;1210;1215;1215;1215;1235;1225;1180;".";875;880;865;845;855;855;815;".";230;220;240;250;255;245;240;".";110;120;110;120;125;125;130;1,4;1,4;1,4;1,4;1,4;1,4;1,5;1,5;67;54;55;60;60;67;68;75;9,5;9,6;9,2;9,6;10,1;10,2;11,3;11,4
"Roosten";322;328;327;324;343;362;362;372;326;322;328;328;350;359;364;357;71;66;62;60;76;84;78;86;99;110;116;123;120;138;149;145;17;19;24;23;31;27;30;34;25;23;22;23;32;34;28;30;103;108;107;109;120;127;126;126;106;102;108;103;103;107;110;111;111;102;91;91;92;87;83;77;77;73;74;72;67;75;84;82;38;44;49;47;49;40;36;36;2;3;2;1;3;2;2;2;555;543;552;549;598;619;618;611;74;75;72;72;68;74;76;78;20;32;31;31;27;28;32;40;"x";"x";"x";"x";"x";"x";"x";"x";"x";"x";"x";"x";"x";"x";"x";"x";250;250;245;235;245;250;250;250;".";40;40;35;30;25;30;30;".";115;110;110;110;105;95;95;".";95;105;100;110;125;125;130;2,6;2,6;2,6;2,7;2,8;2,8;2,9;2,9;68;76;74;70;66;78;80;82;57,7;58,9;60,6;61,1;65,4;65,2;63,5;64,0
"Schoot";1355;1502;1500;1461;1464;1633;1808;1969;1194;1294;1263;1303;1263;1332;1439;1524;164;164;162;174;165;167;175;178;241;253;263;232;225;226;230;232;730;948;898;931;901;1054;1186;1301;411;429;423;389;414;474;550;632;296;285;288;304;296;315;344;357;294;300;291;296;283;283;286;299;188;208;225;214;216;220;228;245;144;135;138;147;148;153;171;169;72;67;64;67;65;61;64;67;9;9;11;10;14;12;13;13;1751;1799;1760;1765;1738;1764;1759;1863;414;459;496;504;528;614;716;796;384;540;507;495;461;587;772;834;26;17;36;10;20;25;26;34;"x";13;16;18;21;"x";16;14;1505;1725;1725;1710;1675;1890;2090;2275;".";1070;1080;1065;1020;1195;1325;1460;".";380;375;375;385;420;480;530;".";280;270;280;275;280;285;285;1,7;1,6;1,6;1,6;1,6;1,6;1,6;1,5;44;45;48;49;46;59;59;64;11,4;10,9;10,9;11,8;10,8;10,1;9,7;9,5
"Schouwbroek";766;786;769;771;802;824;806;807;676;692;694;697;718;713;726;697;111;122;135;149;147;154;130;136;128;122;111;110;116;111;124;125;312;301;275;268;304;318;299;275;220;251;254;250;265;265;273;273;206;195;189;191;177;184;194;186;201;219;223;218;222;213;216;215;148;153;158;156;163;164;158;157;79;75;75;88;83;86;101;100;29;33;36;33;37;36;32;34;8;7;7;5;6;6;5;3;1055;1079;1065;1053;1086;1083;1077;1056;194;190;186;192;205;217;233;231;193;209;212;223;229;237;222;217;14;18;19;15;15;19;13;10;14;14;10;14;11;10;16;"x";815;825;815;815;845;855;845;830;".";450;440;435;450;465;445;450;".";190;190;180;190;185;195;180;".";190;190;200;200;200;205;200;1,8;1,8;1,8;1,8;1,8;1,8;1,8;1,8;63;59;61;65;61;67;69;75;9,8;10,6;10,8;11,0;11,7;11,1;12,6;12,8
"Schrijversbuurt";1912;1928;1882;1890;1856;1842;1862;1889;1637;1628;1638;1674;1681;1698;1722;1701;380;374;364;368;342;325;343;326;368;379;376;373;400;400;405;402;653;634;628;638;603;650;660;663;466;469;435;428;426;395;410;430;486;497;475;497;488;497;493;475;492;480;486;482;468;454;455;467;409;419;429;425;453;464;435;428;178;182;207;232;236;233;259;275;96;100;96;96;98;98;103;105;21;22;24;25;23;24;21;19;2812;2833;2782;2796;2755;2768;2754;2717;437;431;450;460;463;470;491;505;300;292;288;308;319;302;339;368;37;35;25;37;26;32;32;29;17;18;14;29;23;26;24;22;1805;1710;1750;1785;1815;1865;1850;1890;".";830;890;910;940;975;940;980;".";430;425;435;430;435;445;450;".";455;445;445;445;450;465;465;1,9;2,0;1,9;1,9;1,9;1,9;1,9;1,9;64;61;61;62;70;69;71;75;25,9;25,3;25,2;25,5;25,3;24,5;26,3;24,7
"Schuttersbosch";268;274;270;273;279;281;298;294;282;284;283;294;298;309;320;331;40;44;41;42;42;41;45;43;34;41;52;62;67;78;90;90;16;12;11;5;8;16;14;17;19;20;22;23;24;20;30;32;81;88;83;94;96;100;98;99;54;56;66;69;79;87;97;99;96;96;94;93;91;89;73;75;121;105;100;89;88;81;95;87;81;83;75;81;67;66;61;63;8;13;9;9;15;12;15;20;481;489;482;496;508;515;541;550;58;59;60;56;50;58;62;59;11;10;11;15;19;17;15;16;"x";"x";"x";"x";"x";"x";"x";"x";10;11;10;"x";11;"x";"x";"x";285;285;275;280;285;285;290;295;".";105;95;95;100;105;105;95;".";130;120;120;115;105;105;110;".";55;65;65;65;75;85;85;1,9;1,9;2,0;2,0;2,0;2,1;2,1;2,1;50;58;56;59;57;77;78;76;26,1;23,7;28,0;28,9;30,6;32,3;34,2;32,5
"Sintenbuurt";888;902;901;878;890;910;929;912;909;909;913;909;916;895;901;905;251;246;251;255;249;243;231;224;172;181;181;180;172;176;197;207;213;224;216;202;223;226;251;253;317;300;305;297;301;306;300;293;260;278;281;277;284;281;286;270;204;207;207;210;214;216;211;211;159;163;161;162;158;153;161;167;129;124;120;115;120;126;119;120;75;72;78;73;67;61;53;55;17;16;14;16;18;17;21;17;1334;1338;1346;1337;1346;1333;1341;1331;214;220;230;217;217;222;229;222;249;253;238;233;243;250;260;264;33;26;35;19;32;22;25;23;15;15;16;11;20;13;13;22;895;890;880;870;895;885;910;925;".";395;385;395;415;395;415;440;".";215;215;190;195;215;210;205;".";285;285;290;285;280;285;280;2,0;2,0;2,0;2,0;2,0;2,0;2,0;2,0;41;46;46;44;38;48;52;50;15,5;16,3;18,3;18,8;17,9;18,7;19,5;17,6
"Sportpark Aalsterweg";"x";"x";"x";"x";"x";"x";"x";"x";"x";10;"x";11;11;"x";"x";"x";0;1;1;3;3;3;1;1;0;0;0;0;0;0;1;1;1;0;0;0;1;0;2;2;0;1;1;3;3;3;2;1;1;1;1;2;1;1;1;1;1;1;1;1;1;1;2;3;5;5;5;5;5;5;2;0;2;1;0;0;0;0;2;4;4;4;3;3;3;2;2;2;1;1;1;0;0;0;0;0;12;13;11;13;13;12;12;12;"x";"x";"x";"x";"x";"x";"x";"x";"x";"x";"x";"x";"x";"x";"x";"x";"x";"x";"x";"x";"x";"x";"x";"x";"x";"x";"x";"x";"x";"x";"x";"x";"x";"x";"x";"x";10;10;"x";10;".";"x";"x";"x";"x";"x";"x";"x";".";"x";"x";"x";"x";"x";"x";"x";".";"x";"x";"x";"x";"x";"x";"x";"-";1,7;1,7;1,8;1,8;1,9;2,1;2,1;".";".";".";".";".";".";".";".";".";".";".";".";".";".";".";"."
"Strijp S";353;390;398;454;806;934;939;1012;278;299;320;376;632;733;726;781;3;13;14;24;31;40;44;42;14;10;10;25;36;28;28;22;434;425;403;434;834;900;848;901;100;152;191;234;368;499;530;573;35;43;46;43;69;94;87;102;23;24;29;38;56;57;76;88;19;17;17;23;32;35;38;45;3;5;8;8;10;12;10;16;0;0;0;1;2;2;4;4;0;0;0;0;0;0;0;0;489;531;548;643;1100;1255;1240;1315;76;91;98;108;190;242;245;267;66;67;72;79;148;170;180;211;"x";"x";10;"x";17;20;14;12;"x";"x";"x";"x";"x";"x";"x";"x";460;490;505;595;1080;1240;1225;1315;".";310;315;390;750;855;840;885;".";160;170;175;285;325;325;375;".";25;25;30;40;55;60;55;1,4;1,4;1,4;1,4;1,3;1,3;1,4;1,4;55;"-";"-";"-";58;75;75;72;7,1;7,8;10,3;9,0;7,1;8,4;9,0;9,6
"'t Hofke";1818;1810;1781;1773;1764;1781;1906;1972;1755;1748;1699;1695;1692;1692;1777;1762;366;355;335;342;341;345;348;347;434;422;386;380;379;388;452;457;447;435;420;416;404;406;519;593;425;442;444;452;437;441;448;436;518;482;481;443;430;419;412;412;494;512;491;502;508;512;530;525;483;476;476;476;479;472;476;460;280;295;293;305;323;338;341;350;117;128;141;136;142;140;140;138;9;11;13;16;13;12;17;16;2330;2310;2244;2191;2161;2134;2161;2076;384;386;404;423;422;429;518;585;859;862;832;854;873;910;1004;1073;37;30;31;42;33;40;32;30;20;27;25;28;32;29;29;35;1635;1635;1625;1650;1645;1670;1880;1945;".";620;640;655;660;700;905;1000;".";470;470;475;465;470;460;450;".";545;515;520;525;505;515;505;2,2;2,2;2,1;2,1;2,1;2,1;2,0;1,9;52;53;52;54;52;54;61;62;15,7;15,0;14,1;14,1;14,3;13,0;13,0;12,6
"'t Hool";1013;1013;1007;1070;1084;1078;1078;1086;1086;1121;1105;1098;1120;1162;1178;1166;249;263;260;281;299;305;293;291;221;232;245;259;278;295;302;291;356;368;319;327;286;280;284;278;282;273;270;288;325;319;322;324;266;264;261;245;260;264;273;291;248;254;262;264;259;265;283;282;191;198;208;210;205;211;206;201;181;166;171;178;166;162;162;166;96;106;105;104;111;121;115;111;9;10;11;12;15;18;16;17;1183;1208;1182;1190;1146;1154;1129;1069;300;298;294;306;317;320;329;322;616;628;636;672;741;766;798;861;28;26;45;18;28;22;19;25;15;"x";"x";19;11;16;18;20;1040;1040;1030;1065;1065;1050;1055;1050;".";455;450;490;480;455;465;455;".";255;255;235;225;225;215;220;".";340;330;345;365;370;370;375;2,0;2,0;2,0;2,0;2,1;2,1;2,1;2,1;60;52;47;44;48;60;63;56;12,8;12,0;12,0;11,6;12,5;12,9;12,9;12,5
"Tempel";2397;2432;2435;2434;2433;2452;2423;2426;2595;2648;2638;2664;2635;2646;2656;2647;495;528;517;526;509;504;487;500;561;599;597;609;600;623;608;602;456;460;480;478;506;494;520;540;551;568;578;591;589;615;619;623;648;667;664;640;630;642;626;603;589;597;596;613;625;632;634;637;654;603;592;566;535;516;542;552;726;725;697;697;681;666;644;603;280;303;318;349;361;372;358;373;32;31;35;29;32;34;41;40;3510;3507;3487;3429;3346;3284;3242;3178;591;602;588;588;610;624;618;613;891;972;999;1081;1112;1190;1219;1282;54;49;35;48;45;45;53;60;58;51;51;46;48;45;47;53;2370;2360;2370;2380;2380;2385;2385;2370;".";820;850;880;895;905;900;890;".";795;765;760;735;715;700;700;".";750;760;750;750;765;780;780;2,1;2,2;2,1;2,1;2,1;2,1;2,1;2,1;39;34;36;41;40;52;59;55;10,9;10,6;11,2;11,0;10,7;11,5;11,4;11,5
"Tivoli";735;735;717;743;704;700;697;750;765;768;781;783;736;732;753;786;156;170;163;183;169;183;190;195;135;130;129;121;130;124;128;132;215;215;231;248;189;177;170;185;254;261;250;245;230;238;243;250;227;222;213;225;208;199;191;199;219;216;224;219;216;206;209;217;140;134;141;144;140;141;147;173;100;99;95;91;107;109;118;130;46;49;48;46;48;54;49;48;8;7;4;4;3;1;5;7;951;956;959;948;883;866;873;931;178;171;168;174;159;170;171;177;371;376;371;404;398;396;406;428;28;21;25;22;22;18;16;"x";15;16;13;11;"x";14;10;18;815;820;815;810;770;760;765;825;".";410;400;390;380;380;380;425;".";170;185;190;170;150;150;155;".";240;235;235;230;230;240;250;1,8;1,8;1,8;1,9;1,9;1,9;1,9;1,9;41;46;46;44;38;48;52;50;3,7;2,7;2,1;3,5;2,9;2,5;2,6;3,0
"Tongelresche Akkers";385;478;500;531;542;597;705;842;441;529;527;563;574;643;748;870;194;237;236;242;241;257;286;325;54;81;95;111;123;138;174;201;78;98;86;95;92;116;138;176;203;249;246;261;252;283;338;426;107;143;156;175;192;219;264;310;60;60;64;63;59;58;81;96;82;84;83;86;92;94;87;93;37;39;44;45;50;61;68;70;11;16;17;16;15;14;16;14;0;0;0;0;0;0;1;1;691;798;803;836;839;930;1058;1192;79;105;107;116;117;127;158;211;56;104;117;142;160;183;237;309;23;25;14;21;19;24;41;52;"x";"x";"x";"x";"x";"x";10;11;340;405;410;430;440;505;570;670;".";110;115;115;115;140;135;155;".";115;115;125;120;135;160;195;".";185;185;200;205;225;270;320;2,4;2,5;2,5;2,5;2,5;2,5;2,6;2,6;37;42;50;60;47;49;53;59;27,7;25,7;29,7;30,1;31,5;30,9;36,3;37,7
"Tuindorp";1409;1438;1428;1413;1401;1398;1431;1387;1590;1585;1579;1548;1556;1530;1521;1495;296;314;296;296;292;269;258;241;289;287;290;270;269;258;264;244;516;547;575;559;558;571;599;576;408;395;364;363;365;363;350;354;422;390;389;388;373;371;361;346;313;322;317;316;317;324;326;326;187;195;210;199;207;209;219;229;137;153;158;169;171;174;180;189;323;306;292;282;271;266;268;250;109;115;116;119;134;123;127;127;2452;2461;2480;2430;2374;2328;2307;2250;338;364;340;342;364;381;418;409;210;199;187;189;219;219;227;223;39;31;32;31;20;26;26;20;70;68;55;69;63;66;87;77;1615;1665;1655;1650;1665;1645;1635;1615;".";1010;1000;1000;1005;975;935;940;".";310;320;315;320;340;360;350;".";350;340;340;340;330;340;320;1,7;1,7;1,7;1,7;1,7;1,7;1,7;1,7;58;60;54;64;55;64;65;70;21,5;20,7;21,3;20,9;20,4;20,4;21,1;21,4
"TU-terrein";142;154;160;466;516;511;496;486;66;56;47;183;275;300;286;242;1;0;1;2;3;5;5;2;6;5;6;134;118;90;71;83;161;160;160;462;569;613;588;519;38;41;37;45;85;92;107;110;3;5;4;7;12;8;8;11;0;0;0;0;4;3;3;3;0;0;0;0;1;0;0;0;0;0;0;0;0;0;0;0;0;0;0;0;0;0;0;0;0;0;0;0;0;0;0;0;"x";"x";"x";150;159;137;86;85;63;57;51;197;280;281;276;258;145;153;157;303;353;393;420;385;"x";"x";"x";"x";"x";"x";"x";"x";"x";"x";"x";"x";"x";"x";"x";"x";180;175;180;615;720;735;725;675;".";150;155;595;655;675;670;635;".";30;25;25;60;60;45;40;".";"x";"x";"x";"x";"x";"x";"x";1,1;1,2;1,2;1,0;1,1;1,1;1,1;1,1;".";".";".";".";55;61;".";".";0,0;0,0;0,0;0,2;0,0;0,4;0,0;0,0
"Urkhoven";103;106;108;109;95;90;90;89;73;76;74;77;75;75;73;73;29;32;31;27;23;19;16;18;18;22;19;26;21;22;22;20;35;31;36;33;24;23;23;25;18;21;20;18;22;20;18;16;24;24;23;28;22;23;23;21;24;25;23;24;23;23;25;25;15;15;19;21;23;19;19;20;10;9;6;4;7;11;12;12;3;3;5;5;5;5;5;5;0;0;0;0;0;0;0;0;157;163;161;164;149;145;141;142;10;10;12;12;11;"x";10;"x";"x";"x";"x";10;10;11;12;11;"x";"x";"x";"x";"x";"x";"x";"x";"x";"x";"x";"x";"x";"x";"x";"x";80;85;85;80;80;75;75;75;".";40;40;35;35;30;25;30;".";15;15;15;15;15;20;15;".";35;35;35;30;30;30;30;2,1;2,1;2,0;2,2;2,1;2,1;2,2;2,3;".";".";".";".";".";".";".";".";".";".";".";".";".";".";".";"."
"Vaartbroek";2586;2583;2587;2571;2583;2604;2620;2589;2642;2660;2619;2615;2633;2621;2622;2590;580;577;564;550;563;541;551;511;572;602;595;611;638;665;662;642;698;713;703;683;686;705;716;701;736;732;724;719;701;679;682;686;711;701;710;692;686;697;700;699;644;650;650;668;701;708;710;715;563;546;531;531;514;493;488;497;470;475;485;476;462;459;458;458;223;209;212;228;235;245;249;242;31;38;32;28;30;33;26;28;3250;3199;3136;3084;3026;2972;2895;2821;619;655;673;675;678;689;699;690;1359;1389;1397;1427;1512;1564;1648;1668;60;63;54;51;53;48;45;62;43;49;49;41;46;39;40;52;2560;2560;2575;2565;2590;2585;2600;2570;".";1085;1155;1140;1180;1160;1175;1165;".";675;635;645;615;610;585;570;".";805;795;790;790;815;835;835;2,0;2,0;2,0;2,0;2,0;2,0;2,0;2,0;44;50;44;50;52;48;52;58;9,9;9,0;8,6;9,0;8,8;8,2;7,9;8,6
"Villapark";1078;1086;1078;1099;1089;1104;1199;1294;939;963;974;972;950;973;1062;1148;210;212;227;238;229;208;210;208;242;239;225;239;228;258;246;267;304;343;349;311;310;328;430;508;209;222;231;236;222;221;257;316;293;290;286;300;298;309;304;322;294;282;277;296;295;298;323;323;253;246;241;232;236;230;258;262;144;140;140;148;153;159;166;166;64;70;69;61;61;59;57;60;4;5;7;10;7;7;10;10;1584;1621;1618;1638;1590;1586;1694;1808;287;279;286;296;298;312;356;401;146;149;148;137;151;179;211;233;16;21;19;14;21;17;18;25;19;18;15;16;15;21;20;14;950;995;980;990;975;975;1120;1220;".";475;450;450;435;435;525;555;".";260;260;255;260;255;305;360;".";260;275;290;275;285;290;305;2,0;2,0;2,0;2,1;2,1;2,1;2,0;2,0;60;66;59;70;70;77;79;82;36,6;37,2;37,8;37,9;37,8;39,0;34,9;33,5
"Vlokhoven";1710;1726;1712;1712;1705;1715;1760;1732;1875;1882;1861;1854;1829;1818;1778;1783;393;389;363;362;345;331;323;324;397;410;412;416;428;439;416;416;495;508;516;515;495;498;523;524;458;437;433;420;407;411;427;425;439;441;435;432;419;394;398;397;399;413;414;418;436;461;445;426;332;335;341;344;332;346;370;379;380;369;340;331;350;340;314;309;264;275;279;290;280;270;277;269;28;31;40;38;42;43;45;46;2035;2028;1979;1931;1854;1816;1785;1725;423;423;440;441;441;454;456;473;1127;1157;1154;1194;1239;1263;1297;1317;37;30;36;23;22;31;32;26;38;42;38;37;45;28;44;40;1820;1820;1840;1805;1820;1815;1820;1800;".";865;920;900;920;910;910;900;".";440;420;410;410;405;420;415;".";515;505;505;490;500;495;485;2,0;2,0;1,9;2,0;1,9;1,9;1,9;2,0;54;40;35;34;35;47;50;53;7,5;7,4;6,9;7,1;6,7;6,8;6,4;7,0
"Vredeoord";379;386;380;348;364;359;377;382;132;143;149;148;139;130;126;117;0;0;0;0;0;0;0;0;56;50;50;40;34;31;41;39;76;89;89;78;79;96;102;95;111;106;124;116;127;120;107;129;98;110;102;93;100;91;96;95;82;85;84;85;80;71;75;66;54;53;50;49;50;50;54;48;28;29;25;30;25;21;18;21;5;6;5;5;7;8;9;5;1;1;0;0;1;1;1;1;354;365;360;336;340;339;316;314;54;60;60;60;55;51;60;49;103;104;109;100;108;99;127;136;"x";"x";"x";"x";"x";"x";"x";"x";15;16;16;16;10;10;15;14;60;285;285;270;285;200;230;90;".";290;280;270;285;195;230;85;".";"x";10;"x";"x";10;"x";"x";".";"x";"x";"x";"x";"x";"x";"x";1,0;1,0;1,0;1,0;1,0;1,1;1,0;1,0;".";".";".";".";".";".";".";".";0,4;0,0;0,0;0,0;0,0;0,6;0,0;"."
"Waterrijk";518;521;548;601;744;884;1153;1288;476;481;509;520;664;810;1075;1211;260;257;263;266;320;368;444;455;86;106;128;153;196;255;365;431;90;63;57;58;104;129;173;205;285;280;276;269;319;362;457;521;200;220;238;267;326;389;521;574;42;41;58;63;86;127;184;224;28;31;30;36;42;47;63;64;2;3;6;8;14;16;20;25;1;1;0;0;0;1;1;0;0;0;1;1;1;0;0;0;716;729;735;761;909;1069;1414;1562;125;122;148;163;225;277;339;402;153;151;174;197;274;348;475;535;20;19;22;23;36;29;31;37;"x";"x";"x";"x";"x";"x";"x";"x";355;350;375;395;505;600;780;900;".";65;85;90;110;115;145;180;".";75;70;70;100;125;180;220;".";210;220;240;290;355;460;505;2,8;2,9;2,8;2,8;2,8;2,8;2,9;2,8;59;49;47;53;59;65;69;78;46,2;46,7;46,8;47,3;48,0;48,3;48,4;48,5
"Wielewaal";40;46;49;51;51;50;50;62;45;44;51;52;48;44;47;54;9;11;11;10;6;4;4;9;16;20;25;26;24;23;24;30;6;6;4;6;6;6;6;10;1;3;6;6;8;7;6;5;22;20;22;22;20;20;15;15;13;13;15;14;14;13;22;25;9;6;7;9;10;8;6;9;8;10;9;9;8;9;10;7;1;0;0;0;2;3;3;5;0;1;1;1;1;1;1;1;61;63;67;71;65;66;63;64;24;27;30;29;34;28;34;41;"x";"x";"x";"x";"x";"x";"x";11;"x";"x";"x";"x";"x";"x";"x";"x";"x";"x";"x";"x";"x";"x";"x";"x";30;30;35;35;35;35;35;45;".";10;15;10;10;"x";"x";10;".";10;10;10;10;10;10;10;".";15;20;20;20;15;20;20;2,6;2,7;2,7;2,9;2,8;2,8;2,7;2,8;".";".";".";".";".";".";".";".";".";".";".";".";".";".";".";"."
"Winkelcentrum";359;358;346;338;365;358;365;380;292;309;297;303;310;299;294;296;10;26;21;12;19;20;16;15;11;14;13;21;34;23;15;18;183;171;149;159;165;172;193;221;124;142;141;117;126;122;118;106;81;77;76;85;75;73;71;72;71;70;70;72;73;67;69;75;86;79;75;69;65;65;62;55;68;70;76;80;88;80;77;77;13;15;18;23;27;33;37;37;4;3;4;3;3;2;1;0;471;457;445;428;425;400;403;390;95;100;103;110;124;120;125;147;85;110;95;103;126;137;131;139;"x";"x";"x";"x";"x";"x";"x";"x";"x";"x";"x";"x";"x";"x";"x";"x";470;470;455;465;490;480;475;490;".";305;295;310;325;330;320;335;".";135;135;135;135;120;130;135;".";30;30;25;25;25;30;25;1,4;1,4;1,4;1,4;1,4;1,4;1,4;1,4;60;52;47;44;48;60;63;56;6,9;6,3;6,7;7,8;7,4;5,7;7,5;6,3
"Witte Dame";546;567;586;952;1029;1155;1221;1256;484;522;495;746;833;875;941;973;70;91;71;86;79;72;100;108;15;16;23;48;41;50;44;37;136;144;130;551;706;816;851;891;306;304;300;425;446;475;562;583;165;172;183;208;187;204;188;188;114;125;128;127;136;144;147;154;118;126;130;137;133;130;121;115;67;75;79;80;88;95;109;110;35;30;32;32;43;41;39;39;4;6;5;4;3;3;1;4;650;665;658;759;806;843;819;841;217;208;227;463;532;584;615;613;163;216;196;476;524;603;728;775;23;17;28;24;15;24;22;14;"x";"x";"x";"x";"x";"x";"x";12;655;665;670;1150;1245;1385;1455;1495;".";345;355;720;735;830;875;895;".";235;240;340;410;460;465;485;".";90;80;95;95;95;110;120;1,6;1,6;1,6;1,5;1,5;1,5;1,5;1,5;48;62;60;60;62;66;67;73;30,6;30,1;31,5;18,7;18,2;15,3;16,6;15,9
"Woenselse Heide";2408;2440;2476;2437;2431;2460;2498;2482;2668;2711;2731;2707;2708;2710;2754;2747;507;535;563;552;558;579;563;564;686;685;713;699;698;691;695;679;503;537;557;550;540;532;588;591;569;550;561;562;589;595;619;646;731;732;722;680;670;665;662;626;676;705;717;760;764;778;773;760;565;548;518;503;488;491;512;534;532;547;534;511;522;522;519;509;269;274;290;286;274;280;280;279;38;38;32;42;36;37;41;41;3494;3464;3444;3377;3324;3246;3229;3165;591;608;632;610;621;630;653;673;991;1079;1131;1158;1194;1294;1370;1391;51;51;39;61;42;43;36;67;45;71;74;61;69;56;68;62;2200;2235;2240;2230;2235;2220;2240;2240;".";740;740;755;765;740;715;720;".";635;615;595;575;565;610;605;".";865;890;885;895;910;915;920;2,3;2,3;2,3;2,3;2,3;2,3;2,3;2,3;46;51;48;47;49;48;55;54;13,3;12,7;12,9;13,9;13,8;14,2;14,6;14,3
"Woenselse Watermolen";552;565;616;665;689;701;707;721;565;575;607;620;623;648;655;642;109;119;134;169;205;218;214;207;24;29;38;49;41;45;58;62;244;211;261;232;205;205;212;207;294;328;350;393;433;476;478;504;89;101;101;114;108;108;120;117;82;81;73;74;77;70;58;57;96;97;95;84;79;77;81;77;117;105;104;100;96;86;81;77;56;59;59;62;58;57;56;49;6;10;8;8;10;7;4;6;653;619;591;539;492;475;433;417;258;254;265;249;230;222;222;218;206;267;367;497;590;652;707;728;25;18;29;28;23;16;22;25;"x";"x";11;"x";"x";"x";"x";10;645;650;670;690;680;680;680;690;".";310;300;320;305;285;280;295;".";230;250;220;195;205;205;200;".";110;125;155;180;190;195;190;1,7;1,8;1,8;1,9;1,9;2,0;2,0;2,0;54;47;51;46;51;58;59;63;23,6;19,4;22,2;20,0;18,2;19,3;17,9;17,8
"Woensel-West";2241;2235;2209;2123;2021;1978;2021;2249;1884;1894;1914;1853;1778;1804;1857;2126;488;467;443;408;356;347;333;489;388;400;429;419;389;393;427;489;1173;1167;1126;1069;1034;1035;1030;1071;719;725;747;700;662;657;697;832;570;574;565;536;509;503;528;591;362;376;400;404;401;409;425;462;248;241;234;244;257;248;241;238;126;129;131;138;135;140;137;141;47;48;45;52;49;43;53;55;6;5;6;6;7;7;7;7;2277;2286;2300;2209;2077;2090;2088;2314;542;567;576;567;562;571;629;664;1308;1279;1250;1200;1160;1121;1161;1397;46;39;40;33;39;27;52;59;14;19;16;17;21;11;18;18;2400;2435;2410;2330;2245;2215;2245;2370;".";1515;1490;1445;1380;1365;1345;1310;".";420;430;400;400;390;410;455;".";500;495;490;465;465;485;615;1,7;1,7;1,7;1,7;1,7;1,7;1,7;1,8;45;48;49;51;50;60;60;66;6,9;6,5;6,5;7,2;7,4;7,5;7,6;8,2
"Zandrijk";1526;1526;1507;1503;1481;1501;1490;1479;1514;1496;1489;1506;1478;1471;1450;1438;558;535;496;465;414;391;378;352;362;377;415;434;436;446;433;436;175;158;140;161;178;198;199;194;543;524;468;444;426;414;395;383;592;587;608;607;584;581;565;542;310;322;330;345;367;391;398;426;302;297;305;294;284;257;252;249;163;188;193;203;213;229;245;257;33;31;37;52;55;65;74;76;3;3;4;4;2;0;1;2;2189;2140;2107;2074;1981;1872;1804;1728;375;378;391;400;404;418;417;413;477;504;498;535;574;682;719;776;33;39;42;24;22;31;19;28;10;16;"x";10;11;13;21;15;1155;1160;1145;1155;1150;1150;1145;1145;".";245;235;245;260;255;260;260;".";370;375;380;365;355;355;355;".";550;540;535;525;535;530;530;2,6;2,6;2,6;2,6;2,6;2,6;2,6;2,6;62;56;49;54;60;70;76;81;30,0;29,9;30,8;30,9;31,9;33,5;33,7;34,7
"Zwaanstraat";94;108;129;201;249;281;427;596;104;124;153;228;288;318;475;640;22;34;49;82;109;122;211;274;8;11;13;18;29;33;46;86;42;39;31;40;43;44;70;96;58;71;88;152;180;198;286;381;26;32;49;62;82;93;147;226;20;25;31;45;57;57;77;98;10;12;16;23;31;41;48;56;7;4;1;3;4;9;15;16;5;4;4;3;2;2;2;3;0;0;0;1;0;0;0;0;161;180;214;339;421;469;647;855;20;30;41;53;67;76;127;196;17;22;27;37;49;54;128;185;"x";"x";12;19;21;28;34;47;"x";"x";"x";"x";"x";"x";"x";"x";90;100;115;175;215;235;345;465;".";25;25;35;40;40;60;70;".";45;50;75;75;85;110;160;".";35;45;70;95;110;170;235;2,2;2,3;2,4;2,4;2,5;2,5;2,6;2,7;40;47;54;54;54;57;59;71;52,0;50,0;54,7;52,6;56,7;53,6;56,7;62,5
"Onbekend";"";"";"";"";"";11;12;"x";"";"";"";"";"";"x";"x";"x";"";"";"";"";"";0;0;"x";"";"";"";"";"";1;2;"x";"";"";"";"";"";6;5;"x";"";"";"";"";"";1;3;"x";"";"";"";"";"";4;0;"x";"";"";"";"";"";2;2;"x";"";"";"";"";"";3;1;"x";"";"";"";"";"";0;0;"x";"";"";"";"";"";0;0;"x";"";"";"";"";"";0;0;"x";"";"";"";"";"";"x";"x";"x";"";"";"";"";"";"x";"x";"x";"";"";"";"";"";"x";"x";"x";"";"";"";"";"";"x";"x";"x";"";"";"";"";"";"x";"x";"x";"";"";"";"";"";"";"";"";"";"";"";"";"";"";"";"";"";"";"";"";"";"";"";"";"";"";"";"";"";"";"";"";"";"";"";"";"";"";"";"";"";"";"";"";"";"";"";"";"";"";"";"";"";"";"";""
